"Mod name","Registry name","ID","Category","Entity class name"
"Alex's Mobs","alexsmobs:alligator_snapping_turtle",267,"creature","com.github.alexthe666.alexsmobs.entity.EntityAlligatorSnappingTurtle"
"Alex's Mobs","alexsmobs:anaconda",306,"creature","com.github.alexthe666.alexsmobs.entity.EntityAnaconda"
"Alex's Mobs","alexsmobs:anaconda_part",307,"misc","com.github.alexthe666.alexsmobs.entity.EntityAnacondaPart"
"Alex's Mobs","alexsmobs:anteater",309,"creature","com.github.alexthe666.alexsmobs.entity.EntityAnteater"
"Alex's Mobs","alexsmobs:bald_eagle",289,"creature","com.github.alexthe666.alexsmobs.entity.EntityBaldEagle"
"Alex's Mobs","alexsmobs:banana_slug",341,"creature","com.github.alexthe666.alexsmobs.entity.EntityBananaSlug"
"Alex's Mobs","alexsmobs:bison",319,"creature","com.github.alexthe666.alexsmobs.entity.EntityBison"
"Alex's Mobs","alexsmobs:blobfish",257,"water_ambient","com.github.alexthe666.alexsmobs.entity.EntityBlobfish"
"Alex's Mobs","alexsmobs:blue_jay",342,"creature","com.github.alexthe666.alexsmobs.entity.EntityBlueJay"
"Alex's Mobs","alexsmobs:bone_serpent",231,"monster","com.github.alexthe666.alexsmobs.entity.EntityBoneSerpent"
"Alex's Mobs","alexsmobs:bone_serpent_part",232,"monster","com.github.alexthe666.alexsmobs.entity.EntityBoneSerpentPart"
"Alex's Mobs","alexsmobs:bunfungus",318,"creature","com.github.alexthe666.alexsmobs.entity.EntityBunfungus"
"Alex's Mobs","alexsmobs:cachalot_echo",285,"misc","com.github.alexthe666.alexsmobs.entity.EntityCachalotEcho"
"Alex's Mobs","alexsmobs:cachalot_whale",284,"water_creature","com.github.alexthe666.alexsmobs.entity.EntityCachalotWhale"
"Alex's Mobs","alexsmobs:capuchin_monkey",248,"creature","com.github.alexthe666.alexsmobs.entity.EntityCapuchinMonkey"
"Alex's Mobs","alexsmobs:catfish",324,"water_ambient","com.github.alexthe666.alexsmobs.entity.EntityCatfish"
"Alex's Mobs","alexsmobs:centipede_body",251,"misc","com.github.alexthe666.alexsmobs.entity.EntityCentipedeBody"
"Alex's Mobs","alexsmobs:centipede_head",250,"monster","com.github.alexthe666.alexsmobs.entity.EntityCentipedeHead"
"Alex's Mobs","alexsmobs:centipede_tail",252,"misc","com.github.alexthe666.alexsmobs.entity.EntityCentipedeTail"
"Alex's Mobs","alexsmobs:cockroach",259,"ambient","com.github.alexthe666.alexsmobs.entity.EntityCockroach"
"Alex's Mobs","alexsmobs:cockroach_egg",260,"misc","com.github.alexthe666.alexsmobs.entity.EntityCockroachEgg"
"Alex's Mobs","alexsmobs:comb_jelly",316,"water_ambient","com.github.alexthe666.alexsmobs.entity.EntityCombJelly"
"Alex's Mobs","alexsmobs:cosmaw",303,"creature","com.github.alexthe666.alexsmobs.entity.EntityCosmaw"
"Alex's Mobs","alexsmobs:cosmic_cod",317,"ambient","com.github.alexthe666.alexsmobs.entity.EntityCosmicCod"
"Alex's Mobs","alexsmobs:crimson_mosquito",240,"monster","com.github.alexthe666.alexsmobs.entity.EntityCrimsonMosquito"
"Alex's Mobs","alexsmobs:crocodile",234,"water_creature","com.github.alexthe666.alexsmobs.entity.EntityCrocodile"
"Alex's Mobs","alexsmobs:crow",266,"creature","com.github.alexthe666.alexsmobs.entity.EntityCrow"
"Alex's Mobs","alexsmobs:devils_hole_pupfish",323,"water_ambient","com.github.alexthe666.alexsmobs.entity.EntityDevilsHolePupfish"
"Alex's Mobs","alexsmobs:dropbear",281,"monster","com.github.alexthe666.alexsmobs.entity.EntityDropBear"
"Alex's Mobs","alexsmobs:elephant",262,"creature","com.github.alexthe666.alexsmobs.entity.EntityElephant"
"Alex's Mobs","alexsmobs:emu",278,"creature","com.github.alexthe666.alexsmobs.entity.EntityEmu"
"Alex's Mobs","alexsmobs:emu_egg",279,"misc","com.github.alexthe666.alexsmobs.entity.EntityEmuEgg"
"Alex's Mobs","alexsmobs:endergrade",243,"creature","com.github.alexthe666.alexsmobs.entity.EntityEndergrade"
"Alex's Mobs","alexsmobs:enderiophage",287,"creature","com.github.alexthe666.alexsmobs.entity.EntityEnderiophage"
"Alex's Mobs","alexsmobs:enderiophage_rocket",288,"misc","com.github.alexthe666.alexsmobs.entity.EntityEnderiophageRocket"
"Alex's Mobs","alexsmobs:farseer",333,"monster","com.github.alexthe666.alexsmobs.entity.EntityFarseer"
"Alex's Mobs","alexsmobs:fart",340,"misc","com.github.alexthe666.alexsmobs.entity.EntityFart"
"Alex's Mobs","alexsmobs:flutter",311,"ambient","com.github.alexthe666.alexsmobs.entity.EntityFlutter"
"Alex's Mobs","alexsmobs:fly",235,"ambient","com.github.alexthe666.alexsmobs.entity.EntityFly"
"Alex's Mobs","alexsmobs:flying_fish",325,"water_ambient","com.github.alexthe666.alexsmobs.entity.EntityFlyingFish"
"Alex's Mobs","alexsmobs:frilled_shark",296,"water_creature","com.github.alexthe666.alexsmobs.entity.EntityFrilledShark"
"Alex's Mobs","alexsmobs:froststalker",299,"creature","com.github.alexthe666.alexsmobs.entity.EntityFroststalker"
"Alex's Mobs","alexsmobs:gazelle",233,"creature","com.github.alexthe666.alexsmobs.entity.EntityGazelle"
"Alex's Mobs","alexsmobs:gelada_monkey",313,"creature","com.github.alexthe666.alexsmobs.entity.EntityGeladaMonkey"
"Alex's Mobs","alexsmobs:giant_squid",320,"water_creature","com.github.alexthe666.alexsmobs.entity.EntityGiantSquid"
"Alex's Mobs","alexsmobs:gorilla",239,"creature","com.github.alexthe666.alexsmobs.entity.EntityGorilla"
"Alex's Mobs","alexsmobs:grizzly_bear",229,"creature","com.github.alexthe666.alexsmobs.entity.EntityGrizzlyBear"
"Alex's Mobs","alexsmobs:gust",272,"misc","com.github.alexthe666.alexsmobs.entity.EntityGust"
"Alex's Mobs","alexsmobs:guster",270,"monster","com.github.alexthe666.alexsmobs.entity.EntityGuster"
"Alex's Mobs","alexsmobs:hammerhead_shark",244,"water_creature","com.github.alexthe666.alexsmobs.entity.EntityHammerheadShark"
"Alex's Mobs","alexsmobs:hemolymph",274,"misc","com.github.alexthe666.alexsmobs.entity.EntityHemolymph"
"Alex's Mobs","alexsmobs:hummingbird",236,"creature","com.github.alexthe666.alexsmobs.entity.EntityHummingbird"
"Alex's Mobs","alexsmobs:ice_shard",300,"misc","com.github.alexthe666.alexsmobs.entity.EntityIceShard"
"Alex's Mobs","alexsmobs:jerboa",314,"ambient","com.github.alexthe666.alexsmobs.entity.EntityJerboa"
"Alex's Mobs","alexsmobs:kangaroo",283,"creature","com.github.alexthe666.alexsmobs.entity.EntityKangaroo"
"Alex's Mobs","alexsmobs:komodo_dragon",247,"creature","com.github.alexthe666.alexsmobs.entity.EntityKomodoDragon"
"Alex's Mobs","alexsmobs:laviathan",302,"creature","com.github.alexthe666.alexsmobs.entity.EntityLaviathan"
"Alex's Mobs","alexsmobs:leafcutter_ant",286,"creature","com.github.alexthe666.alexsmobs.entity.EntityLeafcutterAnt"
"Alex's Mobs","alexsmobs:lobster",246,"water_ambient","com.github.alexthe666.alexsmobs.entity.EntityLobster"
"Alex's Mobs","alexsmobs:maned_wolf",305,"creature","com.github.alexthe666.alexsmobs.entity.EntityManedWolf"
"Alex's Mobs","alexsmobs:mantis_shrimp",269,"water_creature","com.github.alexthe666.alexsmobs.entity.EntityMantisShrimp"
"Alex's Mobs","alexsmobs:mimic_octopus",297,"water_creature","com.github.alexthe666.alexsmobs.entity.EntityMimicOctopus"
"Alex's Mobs","alexsmobs:mimicube",255,"monster","com.github.alexthe666.alexsmobs.entity.EntityMimicube"
"Alex's Mobs","alexsmobs:moose",254,"creature","com.github.alexthe666.alexsmobs.entity.EntityMoose"
"Alex's Mobs","alexsmobs:mosquito_spit",241,"misc","com.github.alexthe666.alexsmobs.entity.EntityMosquitoSpit"
"Alex's Mobs","alexsmobs:mud_ball",330,"misc","com.github.alexthe666.alexsmobs.entity.EntityMudBall"
"Alex's Mobs","alexsmobs:mudskipper",329,"creature","com.github.alexthe666.alexsmobs.entity.EntityMudskipper"
"Alex's Mobs","alexsmobs:mungus",268,"creature","com.github.alexthe666.alexsmobs.entity.EntityMungus"
"Alex's Mobs","alexsmobs:murmur",336,"monster","com.github.alexthe666.alexsmobs.entity.EntityMurmur"
"Alex's Mobs","alexsmobs:murmur_head",337,"monster","com.github.alexthe666.alexsmobs.entity.EntityMurmurHead"
"Alex's Mobs","alexsmobs:orca",237,"water_creature","com.github.alexthe666.alexsmobs.entity.EntityOrca"
"Alex's Mobs","alexsmobs:platypus",280,"creature","com.github.alexthe666.alexsmobs.entity.EntityPlatypus"
"Alex's Mobs","alexsmobs:pollen_ball",312,"misc","com.github.alexthe666.alexsmobs.entity.EntityPollenBall"
"Alex's Mobs","alexsmobs:potoo",328,"creature","com.github.alexthe666.alexsmobs.entity.EntityPotoo"
"Alex's Mobs","alexsmobs:raccoon",256,"creature","com.github.alexthe666.alexsmobs.entity.EntityRaccoon"
"Alex's Mobs","alexsmobs:rain_frog",327,"ambient","com.github.alexthe666.alexsmobs.entity.EntityRainFrog"
"Alex's Mobs","alexsmobs:rattlesnake",242,"creature","com.github.alexthe666.alexsmobs.entity.EntityRattlesnake"
"Alex's Mobs","alexsmobs:rhinoceros",331,"creature","com.github.alexthe666.alexsmobs.entity.EntityRhinoceros"
"Alex's Mobs","alexsmobs:roadrunner",230,"creature","com.github.alexthe666.alexsmobs.entity.EntityRoadrunner"
"Alex's Mobs","alexsmobs:rocky_roller",310,"monster","com.github.alexthe666.alexsmobs.entity.EntityRockyRoller"
"Alex's Mobs","alexsmobs:sand_shot",271,"misc","com.github.alexthe666.alexsmobs.entity.EntitySandShot"
"Alex's Mobs","alexsmobs:sea_bear",322,"water_creature","com.github.alexthe666.alexsmobs.entity.EntitySeaBear"
"Alex's Mobs","alexsmobs:seagull",298,"creature","com.github.alexthe666.alexsmobs.entity.EntitySeagull"
"Alex's Mobs","alexsmobs:seal",258,"creature","com.github.alexthe666.alexsmobs.entity.EntitySeal"
"Alex's Mobs","alexsmobs:shark_tooth_arrow",245,"misc","com.github.alexthe666.alexsmobs.entity.EntitySharkToothArrow"
"Alex's Mobs","alexsmobs:shoebill",261,"creature","com.github.alexthe666.alexsmobs.entity.EntityShoebill"
"Alex's Mobs","alexsmobs:skelewag",326,"monster","com.github.alexthe666.alexsmobs.entity.EntitySkelewag"
"Alex's Mobs","alexsmobs:skreecher",334,"monster","com.github.alexthe666.alexsmobs.entity.EntitySkreecher"
"Alex's Mobs","alexsmobs:skunk",339,"creature","com.github.alexthe666.alexsmobs.entity.EntitySkunk"
"Alex's Mobs","alexsmobs:snow_leopard",264,"creature","com.github.alexthe666.alexsmobs.entity.EntitySnowLeopard"
"Alex's Mobs","alexsmobs:soul_vulture",263,"monster","com.github.alexthe666.alexsmobs.entity.EntitySoulVulture"
"Alex's Mobs","alexsmobs:spectre",265,"creature","com.github.alexthe666.alexsmobs.entity.EntitySpectre"
"Alex's Mobs","alexsmobs:squid_grapple",321,"misc","com.github.alexthe666.alexsmobs.entity.EntitySquidGrapple"
"Alex's Mobs","alexsmobs:straddleboard",277,"misc","com.github.alexthe666.alexsmobs.entity.EntityStraddleboard"
"Alex's Mobs","alexsmobs:straddler",275,"monster","com.github.alexthe666.alexsmobs.entity.EntityStraddler"
"Alex's Mobs","alexsmobs:stradpole",276,"water_ambient","com.github.alexthe666.alexsmobs.entity.EntityStradpole"
"Alex's Mobs","alexsmobs:sugar_glider",332,"creature","com.github.alexthe666.alexsmobs.entity.EntitySugarGlider"
"Alex's Mobs","alexsmobs:sunbird",238,"creature","com.github.alexthe666.alexsmobs.entity.EntitySunbird"
"Alex's Mobs","alexsmobs:tarantula_hawk",291,"creature","com.github.alexthe666.alexsmobs.entity.EntityTarantulaHawk"
"Alex's Mobs","alexsmobs:tasmanian_devil",282,"creature","com.github.alexthe666.alexsmobs.entity.EntityTasmanianDevil"
"Alex's Mobs","alexsmobs:tendon_segment",338,"misc","com.github.alexthe666.alexsmobs.entity.EntityTendonSegment"
"Alex's Mobs","alexsmobs:terrapin",315,"water_ambient","com.github.alexthe666.alexsmobs.entity.EntityTerrapin"
"Alex's Mobs","alexsmobs:tiger",290,"creature","com.github.alexthe666.alexsmobs.entity.EntityTiger"
"Alex's Mobs","alexsmobs:tossed_item",249,"misc","com.github.alexthe666.alexsmobs.entity.EntityTossedItem"
"Alex's Mobs","alexsmobs:toucan",304,"creature","com.github.alexthe666.alexsmobs.entity.EntityToucan"
"Alex's Mobs","alexsmobs:tusklin",301,"creature","com.github.alexthe666.alexsmobs.entity.EntityTusklin"
"Alex's Mobs","alexsmobs:underminer",335,"ambient","com.github.alexthe666.alexsmobs.entity.EntityUnderminer"
"Alex's Mobs","alexsmobs:vine_lasso",308,"misc","com.github.alexthe666.alexsmobs.entity.EntityVineLasso"
"Alex's Mobs","alexsmobs:void_portal",295,"misc","com.github.alexthe666.alexsmobs.entity.EntityVoidPortal"
"Alex's Mobs","alexsmobs:void_worm",292,"monster","com.github.alexthe666.alexsmobs.entity.EntityVoidWorm"
"Alex's Mobs","alexsmobs:void_worm_part",293,"monster","com.github.alexthe666.alexsmobs.entity.EntityVoidWormPart"
"Alex's Mobs","alexsmobs:void_worm_shot",294,"misc","com.github.alexthe666.alexsmobs.entity.EntityVoidWormShot"
"Alex's Mobs","alexsmobs:warped_mosco",273,"monster","com.github.alexthe666.alexsmobs.entity.EntityWarpedMosco"
"Alex's Mobs","alexsmobs:warped_toad",253,"creature","com.github.alexthe666.alexsmobs.entity.EntityWarpedToad"
"AstikorCarts","astikorcarts:animal_cart",219,"misc","de.mennomax.astikorcarts.entity.AnimalCartEntity"
"AstikorCarts","astikorcarts:plow",218,"misc","de.mennomax.astikorcarts.entity.PlowEntity"
"AstikorCarts","astikorcarts:postilion",220,"misc","de.mennomax.astikorcarts.entity.PostilionEntity"
"AstikorCarts","astikorcarts:supply_cart",217,"misc","de.mennomax.astikorcarts.entity.SupplyCartEntity"
"Autumnity","autumnity:snail",492,"creature","com.teamabnormals.autumnity.common.entity.animal.Snail"
"Autumnity","autumnity:turkey",493,"creature","com.teamabnormals.autumnity.common.entity.animal.Turkey"
"Autumnity","autumnity:turkey_egg",494,"misc","com.teamabnormals.autumnity.common.entity.projectile.ThrownTurkeyEgg"
"Biomes O' Plenty","biomesoplenty:boat",215,"misc","biomesoplenty.common.entity.BoatBOP"
"Biomes O' Plenty","biomesoplenty:chest_boat",216,"misc","biomesoplenty.common.entity.ChestBoatBOP"
"Blueprint","blueprint:boat",462,"misc","com.teamabnormals.blueprint.common.entity.BlueprintBoat"
"Blueprint","blueprint:chest_boat",463,"misc","com.teamabnormals.blueprint.common.entity.BlueprintChestBoat"
"Blueprint","blueprint:falling_block",464,"misc","com.teamabnormals.blueprint.common.entity.BlueprintFallingBlockEntity"
"Born in Chaos","born_in_chaos_v1:baby_skeleton",366,"monster","net.mcreator.borninchaosv.entity.BabySkeletonEntity"
"Born in Chaos","born_in_chaos_v1:baby_skeleton_minion",403,"monster","net.mcreator.borninchaosv.entity.BabySkeletonMinionEntity"
"Born in Chaos","born_in_chaos_v1:barrel_zombie",368,"monster","net.mcreator.borninchaosv.entity.BarrelZombieEntity"
"Born in Chaos","born_in_chaos_v1:bloody_gadfly",390,"monster","net.mcreator.borninchaosv.entity.BloodyGadflyEntity"
"Born in Chaos","born_in_chaos_v1:bone_imp",379,"monster","net.mcreator.borninchaosv.entity.BoneImpEntity"
"Born in Chaos","born_in_chaos_v1:bone_imp_minion",406,"monster","net.mcreator.borninchaosv.entity.BoneImpMinionEntity"
"Born in Chaos","born_in_chaos_v1:bonescaller",377,"monster","net.mcreator.borninchaosv.entity.BonescallerEntity"
"Born in Chaos","born_in_chaos_v1:bonescaller_not_despawn",355,"monster","net.mcreator.borninchaosv.entity.BonescallerNotDespawnEntity"
"Born in Chaos","born_in_chaos_v1:controlled_baby_skeleton",404,"monster","net.mcreator.borninchaosv.entity.ControlledBabySkeletonEntity"
"Born in Chaos","born_in_chaos_v1:corpse_fish",396,"water_creature","net.mcreator.borninchaosv.entity.CorpseFishEntity"
"Born in Chaos","born_in_chaos_v1:corpse_fly",389,"monster","net.mcreator.borninchaosv.entity.CorpseFlyEntity"
"Born in Chaos","born_in_chaos_v1:dark_vortex",381,"monster","net.mcreator.borninchaosv.entity.DarkVortexEntity"
"Born in Chaos","born_in_chaos_v1:decaying_zombie",365,"monster","net.mcreator.borninchaosv.entity.DecayingZombieEntity"
"Born in Chaos","born_in_chaos_v1:decaying_zombie_not_despawn",353,"monster","net.mcreator.borninchaosv.entity.DecayingZombieNotDespawnEntity"
"Born in Chaos","born_in_chaos_v1:decrepit_skeleton",363,"monster","net.mcreator.borninchaosv.entity.DecrepitSkeletonEntity"
"Born in Chaos","born_in_chaos_v1:diamond_termite",376,"monster","net.mcreator.borninchaosv.entity.DiamondThermiteEntity"
"Born in Chaos","born_in_chaos_v1:dire_hound_leader",383,"monster","net.mcreator.borninchaosv.entity.DireHoundLeaderEntity"
"Born in Chaos","born_in_chaos_v1:door_knight",370,"monster","net.mcreator.borninchaosv.entity.DoorKnightEntity"
"Born in Chaos","born_in_chaos_v1:door_knight_not_despawn",354,"monster","net.mcreator.borninchaosv.entity.DoorKnightNotDespawnEntity"
"Born in Chaos","born_in_chaos_v1:dread_hound",382,"monster","net.mcreator.borninchaosv.entity.DreadHoundEntity"
"Born in Chaos","born_in_chaos_v1:dread_hound_not_despawn",358,"monster","net.mcreator.borninchaosv.entity.DreadHoundNotDespawnEntity"
"Born in Chaos","born_in_chaos_v1:fallen_chaos_knight",384,"monster","net.mcreator.borninchaosv.entity.FallenChaosKnightEntity"
"Born in Chaos","born_in_chaos_v1:felsteed",410,"monster","net.mcreator.borninchaosv.entity.FelsteedEntity"
"Born in Chaos","born_in_chaos_v1:firelight",375,"monster","net.mcreator.borninchaosv.entity.FirelightEntity"
"Born in Chaos","born_in_chaos_v1:firelight_not_despawn",359,"monster","net.mcreator.borninchaosv.entity.FirelightNotDespawnEntity"
"Born in Chaos","born_in_chaos_v1:glutton_fish",397,"water_creature","net.mcreator.borninchaosv.entity.GluttonFishEntity"
"Born in Chaos","born_in_chaos_v1:infernal_spirit",362,"monster","net.mcreator.borninchaosv.entity.InfernalSpiritEntity"
"Born in Chaos","born_in_chaos_v1:lord_pumpkinhead",402,"monster","net.mcreator.borninchaosv.entity.LordPumpkinheadEntity"
"Born in Chaos","born_in_chaos_v1:lord_pumpkinhead_head",419,"monster","net.mcreator.borninchaosv.entity.LordPumpkinheadHeadEntity"
"Born in Chaos","born_in_chaos_v1:lord_pumpkinhead_withouta_horse",417,"monster","net.mcreator.borninchaosv.entity.LordPumpkinheadWithoutaHorseEntity"
"Born in Chaos","born_in_chaos_v1:lord_the_headless",418,"monster","net.mcreator.borninchaosv.entity.LordTheHeadlessEntity"
"Born in Chaos","born_in_chaos_v1:lords_felsteed",416,"monster","net.mcreator.borninchaosv.entity.LordsFelsteedEntity"
"Born in Chaos","born_in_chaos_v1:maggot",388,"monster","net.mcreator.borninchaosv.entity.MaggotEntity"
"Born in Chaos","born_in_chaos_v1:missioner",398,"monster","net.mcreator.borninchaosv.entity.MissionerEntity"
"Born in Chaos","born_in_chaos_v1:mr_pumpkin",399,"monster","net.mcreator.borninchaosv.entity.MrPumpkinEntity"
"Born in Chaos","born_in_chaos_v1:mr_pumpkin_controlled",409,"monster","net.mcreator.borninchaosv.entity.MrPumpkinControlledEntity"
"Born in Chaos","born_in_chaos_v1:nightmare_stalker",380,"monster","net.mcreator.borninchaosv.entity.NightmareStalkerEntity"
"Born in Chaos","born_in_chaos_v1:phantom_creeper",369,"monster","net.mcreator.borninchaosv.entity.PhantomCreeperEntity"
"Born in Chaos","born_in_chaos_v1:phantom_creeper_copy",405,"monster","net.mcreator.borninchaosv.entity.PhantomCreeperCopyEntity"
"Born in Chaos","born_in_chaos_v1:projectile_intoxicatind_bomb_projectile",426,"misc","net.mcreator.borninchaosv.entity.IntoxicatindBombProjectileEntity"
"Born in Chaos","born_in_chaos_v1:projectile_missionary_charge",431,"misc","net.mcreator.borninchaosv.entity.MissionaryChargeEntity"
"Born in Chaos","born_in_chaos_v1:projectile_pumpkin_pistol_2_projectile",428,"misc","net.mcreator.borninchaosv.entity.PumpkinPistol2ProjectileEntity"
"Born in Chaos","born_in_chaos_v1:projectile_pumpkin_pistol_projectile",427,"misc","net.mcreator.borninchaosv.entity.PumpkinPistolProjectileEntity"
"Born in Chaos","born_in_chaos_v1:projectile_pumpkin_staff_2_projectile",425,"misc","net.mcreator.borninchaosv.entity.PumpkinStaff2ProjectileEntity"
"Born in Chaos","born_in_chaos_v1:projectile_pumpkin_staff_projectile",423,"misc","net.mcreator.borninchaosv.entity.PumpkinStaffProjectileEntity"
"Born in Chaos","born_in_chaos_v1:projectile_staffof_blindness_projectile",422,"misc","net.mcreator.borninchaosv.entity.StaffofBlindnessProjectileEntity"
"Born in Chaos","born_in_chaos_v1:projectile_staffof_magic_arrows_2_projectile",424,"misc","net.mcreator.borninchaosv.entity.StaffofMagicArrows2ProjectileEntity"
"Born in Chaos","born_in_chaos_v1:projectile_staffof_magic_arrows_projectile",421,"misc","net.mcreator.borninchaosv.entity.StaffofMagicArrowsProjectileEntity"
"Born in Chaos","born_in_chaos_v1:pumpkin_bomb",361,"monster","net.mcreator.borninchaosv.entity.PumpkinBombEntity"
"Born in Chaos","born_in_chaos_v1:pumpkin_spirit",373,"monster","net.mcreator.borninchaosv.entity.PumpkinSpiritEntity"
"Born in Chaos","born_in_chaos_v1:pumpkinhead",413,"monster","net.mcreator.borninchaosv.entity.PumpkinheadEntity"
"Born in Chaos","born_in_chaos_v1:restless_spirit",371,"monster","net.mcreator.borninchaosv.entity.RestlessSpiritEntity"
"Born in Chaos","born_in_chaos_v1:riding_felsteed",414,"monster","net.mcreator.borninchaosv.entity.RidingFelsteedEntity"
"Born in Chaos","born_in_chaos_v1:riding_lords_felsteed",420,"monster","net.mcreator.borninchaosv.entity.RidingLordsFelsteedEntity"
"Born in Chaos","born_in_chaos_v1:scarlet_persecutor",385,"monster","net.mcreator.borninchaosv.entity.ScarletPersecutorEntity"
"Born in Chaos","born_in_chaos_v1:seared_spirit",374,"monster","net.mcreator.borninchaosv.entity.SearedSpiritEntity"
"Born in Chaos","born_in_chaos_v1:seared_spirit_not_despawn",415,"monster","net.mcreator.borninchaosv.entity.SearedSpiritNotDespawnEntity"
"Born in Chaos","born_in_chaos_v1:senor_pumpkin",401,"monster","net.mcreator.borninchaosv.entity.SenorPumpkinEntity"
"Born in Chaos","born_in_chaos_v1:siamese_skeletons",367,"monster","net.mcreator.borninchaosv.entity.SiameseSkeletonsEntity"
"Born in Chaos","born_in_chaos_v1:siamese_skeletonsleft",429,"monster","net.mcreator.borninchaosv.entity.SiameseSkeletonsleftEntity"
"Born in Chaos","born_in_chaos_v1:siamese_skeletonsright",430,"monster","net.mcreator.borninchaosv.entity.SiameseSkeletonsrightEntity"
"Born in Chaos","born_in_chaos_v1:sir_pumpkinhead",400,"monster","net.mcreator.borninchaosv.entity.SirPumpkinheadEntity"
"Born in Chaos","born_in_chaos_v1:sir_pumpkinhead_without_horse",411,"monster","net.mcreator.borninchaosv.entity.SirPumpkinheadWithoutHorseEntity"
"Born in Chaos","born_in_chaos_v1:sir_the_headless",412,"monster","net.mcreator.borninchaosv.entity.SirTheHeadlessEntity"
"Born in Chaos","born_in_chaos_v1:skeleton_demoman",364,"monster","net.mcreator.borninchaosv.entity.SkeletonDemomanEntity"
"Born in Chaos","born_in_chaos_v1:skeleton_thrasher",372,"monster","net.mcreator.borninchaosv.entity.SkeletonThrasherEntity"
"Born in Chaos","born_in_chaos_v1:skeleton_thrasher_not_despawn",357,"monster","net.mcreator.borninchaosv.entity.SkeletonThrasherNotDespawnEntity"
"Born in Chaos","born_in_chaos_v1:spirit_guide",386,"monster","net.mcreator.borninchaosv.entity.SpiritGuideEntity"
"Born in Chaos","born_in_chaos_v1:spirit_guide_assistant",408,"monster","net.mcreator.borninchaosv.entity.SpiritGuideAssistantEntity"
"Born in Chaos","born_in_chaos_v1:supreme_bonescaller",378,"monster","net.mcreator.borninchaosv.entity.SupremeBonescallerEntity"
"Born in Chaos","born_in_chaos_v1:supreme_bonescaller_not_despawn",356,"monster","net.mcreator.borninchaosv.entity.SupremeBonescallerNotDespawnEntity"
"Born in Chaos","born_in_chaos_v1:supreme_bonescaller_stage_2",407,"monster","net.mcreator.borninchaosv.entity.SupremeBonescallerStage2Entity"
"Born in Chaos","born_in_chaos_v1:swarmer",391,"monster","net.mcreator.borninchaosv.entity.SwarmerEntity"
"Born in Chaos","born_in_chaos_v1:thornshell_crab",395,"creature","net.mcreator.borninchaosv.entity.ThornshellCrabEntity"
"Born in Chaos","born_in_chaos_v1:zombie_bruiser",394,"monster","net.mcreator.borninchaosv.entity.ZombieBruiserEntity"
"Born in Chaos","born_in_chaos_v1:zombie_clown",387,"monster","net.mcreator.borninchaosv.entity.ZombieClownEntity"
"Born in Chaos","born_in_chaos_v1:zombie_clown_not_despawn",360,"monster","net.mcreator.borninchaosv.entity.ZombieClownNotDespawnEntity"
"Born in Chaos","born_in_chaos_v1:zombie_fisherman",392,"monster","net.mcreator.borninchaosv.entity.ZombieFishermanEntity"
"Born in Chaos","born_in_chaos_v1:zombie_lumberjack",393,"monster","net.mcreator.borninchaosv.entity.ZombieLumberjackEntity"
"CoFH Core","cofh_core:electric_arc",183,"misc","cofh.core.entity.ElectricArc"
"CoFH Core","cofh_core:electric_field",184,"misc","cofh.core.entity.ElectricField"
"CoFH Core","cofh_core:frost_field",185,"misc","cofh.core.entity.FrostField"
"CoFH Core","cofh_core:knife",181,"misc","cofh.core.entity.Knife"
"CoFH Core","cofh_core:shockwave",182,"misc","cofh.core.entity.Shockwave"
"Creeper Overhaul","creeperoverhaul:badlands_creeper",552,"monster","tech.thatgravyboat.creeperoverhaul.common.entity.base.BaseCreeper"
"Creeper Overhaul","creeperoverhaul:bamboo_creeper",550,"monster","tech.thatgravyboat.creeperoverhaul.common.entity.base.NeutralCreeper"
"Creeper Overhaul","creeperoverhaul:beach_creeper",561,"monster","tech.thatgravyboat.creeperoverhaul.common.entity.base.BaseCreeper"
"Creeper Overhaul","creeperoverhaul:cave_creeper",558,"monster","tech.thatgravyboat.creeperoverhaul.common.entity.base.BaseCreeper"
"Creeper Overhaul","creeperoverhaul:dark_oak_creeper",559,"monster","tech.thatgravyboat.creeperoverhaul.common.entity.base.BaseCreeper"
"Creeper Overhaul","creeperoverhaul:desert_creeper",551,"monster","tech.thatgravyboat.creeperoverhaul.common.entity.base.BaseCreeper"
"Creeper Overhaul","creeperoverhaul:dripstone_creeper",557,"monster","tech.thatgravyboat.creeperoverhaul.common.entity.base.BaseCreeper"
"Creeper Overhaul","creeperoverhaul:hills_creeper",553,"monster","tech.thatgravyboat.creeperoverhaul.common.entity.base.NeutralCreeper"
"Creeper Overhaul","creeperoverhaul:jungle_creeper",549,"monster","tech.thatgravyboat.creeperoverhaul.common.entity.base.BaseCreeper"
"Creeper Overhaul","creeperoverhaul:mushroom_creeper",555,"creature","tech.thatgravyboat.creeperoverhaul.common.entity.base.PassiveCreeper"
"Creeper Overhaul","creeperoverhaul:ocean_creeper",563,"monster","tech.thatgravyboat.creeperoverhaul.common.entity.custom.PufferfishCreeper"
"Creeper Overhaul","creeperoverhaul:savannah_creeper",554,"monster","tech.thatgravyboat.creeperoverhaul.common.entity.base.NeutralCreeper"
"Creeper Overhaul","creeperoverhaul:snowy_creeper",562,"monster","tech.thatgravyboat.creeperoverhaul.common.entity.base.NeutralCreeper"
"Creeper Overhaul","creeperoverhaul:spruce_creeper",560,"monster","tech.thatgravyboat.creeperoverhaul.common.entity.base.BaseCreeper"
"Creeper Overhaul","creeperoverhaul:swamp_creeper",556,"monster","tech.thatgravyboat.creeperoverhaul.common.entity.base.BaseCreeper"
"Desolation (Forge)","desolation:blackened",460,"ambient","net.yezon.desolation.entity.BlackenedEntity"
"Desolation (Forge)","desolation:projectile_ash_pile_thrown",459,"misc","net.yezon.desolation.entity.AshPileThrownEntity"
"Domestication Innovation","domesticationinnovation:chain_lightning",343,"misc","com.github.alexthe668.domesticationinnovation.server.entity.ChainLightningEntity"
"Domestication Innovation","domesticationinnovation:feather",345,"misc","com.github.alexthe668.domesticationinnovation.server.entity.FeatherEntity"
"Domestication Innovation","domesticationinnovation:following_jukebox",347,"misc","com.github.alexthe668.domesticationinnovation.server.entity.FollowingJukeboxEntity"
"Domestication Innovation","domesticationinnovation:giant_bubble",346,"misc","com.github.alexthe668.domesticationinnovation.server.entity.GiantBubbleEntity"
"Domestication Innovation","domesticationinnovation:highlighted_block",348,"misc","com.github.alexthe668.domesticationinnovation.server.entity.HighlightedBlockEntity"
"Domestication Innovation","domesticationinnovation:psychic_wall",349,"misc","com.github.alexthe668.domesticationinnovation.server.entity.PsychicWallEntity"
"Domestication Innovation","domesticationinnovation:recall_ball",344,"misc","com.github.alexthe668.domesticationinnovation.server.entity.RecallBallEntity"
"EndlessBiomes","endlessbiomes:anklor",545,"monster","net.mcreator.endlessbiomes.entity.AnklorEntity"
"EndlessBiomes","endlessbiomes:falling_frisbee",544,"monster","net.mcreator.endlessbiomes.entity.FallingFrisbeeEntity"
"EndlessBiomes","endlessbiomes:perished_shiftling",543,"creature","net.mcreator.endlessbiomes.entity.PerishedShiftlingEntity"
"EndlessBiomes","endlessbiomes:projectile_battle_frisbee",541,"misc","net.mcreator.endlessbiomes.entity.BattleFrisbeeEntity"
"EndlessBiomes","endlessbiomes:projectile_frisboom",540,"misc","net.mcreator.endlessbiomes.entity.FrisboomEntity"
"EndlessBiomes","endlessbiomes:projectile_penumbral_disk",548,"misc","net.mcreator.endlessbiomes.entity.PenumbralDiskEntity"
"EndlessBiomes","endlessbiomes:radon_sentinel",546,"monster","net.mcreator.endlessbiomes.entity.RadonSentinelEntity"
"EndlessBiomes","endlessbiomes:riftite_sentinel",547,"monster","net.mcreator.endlessbiomes.entity.RiftiteSentinelEntity"
"EndlessBiomes","endlessbiomes:shiftling",542,"monster","net.mcreator.endlessbiomes.entity.ShiftlingEntity"
"Farmer's Delight","farmersdelight:rotten_tomato",352,"misc","vectorwing.farmersdelight.common.entity.RottenTomatoEntity"
"Gothic","gothic:bloodfly",447,"ambient","net.mcreator.gothic.entity.BloodflyEntity"
"Gothic","gothic:bloodfly_hornet",448,"ambient","net.mcreator.gothic.entity.BloodflyHornetEntity"
"Gothic","gothic:cave_molerat",455,"monster","net.mcreator.gothic.entity.CaveMoleratEntity"
"Gothic","gothic:dragon_snapper",443,"ambient","net.mcreator.gothic.entity.DragonSnapperEntity"
"Gothic","gothic:fear_stone",457,"creature","net.mcreator.gothic.entity.FearStoneEntity"
"Gothic","gothic:gothic_spawn",456,"ambient","net.mcreator.gothic.entity.GothicSpawnEntity"
"Gothic","gothic:gothic_wolf",439,"ambient","net.mcreator.gothic.entity.GothicWolfEntity"
"Gothic","gothic:ice_wolf",440,"ambient","net.mcreator.gothic.entity.IceWolfEntity"
"Gothic","gothic:lurker",444,"ambient","net.mcreator.gothic.entity.LurkerEntity"
"Gothic","gothic:meatbug",435,"ambient","net.mcreator.gothic.entity.MeatbugEntity"
"Gothic","gothic:meatbug_tamed",436,"ambient","net.mcreator.gothic.entity.MeatbugTamedEntity"
"Gothic","gothic:molerat",438,"ambient","net.mcreator.gothic.entity.MoleratEntity"
"Gothic","gothic:molerat_young",458,"ambient","net.mcreator.gothic.entity.MoleratYoungEntity"
"Gothic","gothic:npc_farmer",450,"misc","net.mcreator.gothic.entity.NpcFarmerEntity"
"Gothic","gothic:npc_new_camp_hunter",452,"misc","net.mcreator.gothic.entity.NpcNewCampHunterEntity"
"Gothic","gothic:npc_oldcamp_hunter",451,"misc","net.mcreator.gothic.entity.NpcOldcampHunterEntity"
"Gothic","gothic:npc_swamp_camp_hunter",453,"misc","net.mcreator.gothic.entity.NpcSwampCampHunterEntity"
"Gothic","gothic:razor",445,"ambient","net.mcreator.gothic.entity.RazorEntity"
"Gothic","gothic:scavenger",437,"ambient","net.mcreator.gothic.entity.ScavengerEntity"
"Gothic","gothic:scavenger_young",454,"ambient","net.mcreator.gothic.entity.ScavengerYoungEntity"
"Gothic","gothic:shadowbeast",446,"monster","net.mcreator.gothic.entity.ShadowbeastEntity"
"Gothic","gothic:snapper",442,"ambient","net.mcreator.gothic.entity.SnapperEntity"
"Gothic","gothic:stone_guardian",449,"creature","net.mcreator.gothic.entity.StoneGuardianEntity"
"Gothic","gothic:warg",441,"ambient","net.mcreator.gothic.entity.WargEntity"
"Gravestone Mod","gravestone:player_ghost",221,"monster","de.maxhenkel.gravestone.entity.GhostPlayerEntity"
"Infernal Expansion","infernalexp:ascus_bomb",127,"misc","org.infernalstudios.infernalexp.entities.AscusBombEntity"
"Infernal Expansion","infernalexp:basalt_giant",122,"IECREATURE","org.infernalstudios.infernalexp.entities.BasaltGiantEntity"
"Infernal Expansion","infernalexp:blackstone_dwarf",123,"monster","org.infernalstudios.infernalexp.entities.BlackstoneDwarfEntity"
"Infernal Expansion","infernalexp:blindsight",125,"monster","org.infernalstudios.infernalexp.entities.BlindsightEntity"
"Infernal Expansion","infernalexp:embody",121,"monster","org.infernalstudios.infernalexp.entities.EmbodyEntity"
"Infernal Expansion","infernalexp:glowsilk_moth",126,"IECREATURE","org.infernalstudios.infernalexp.entities.GlowsilkMothEntity"
"Infernal Expansion","infernalexp:glowsquito",124,"IECREATURE","org.infernalstudios.infernalexp.entities.GlowsquitoEntity"
"Infernal Expansion","infernalexp:infernal_painting",130,"misc","org.infernalstudios.infernalexp.entities.InfernalPaintingEntity"
"Infernal Expansion","infernalexp:shroomloin",119,"IECREATURE","org.infernalstudios.infernalexp.entities.ShroomloinEntity"
"Infernal Expansion","infernalexp:throwable_brick",131,"misc","org.infernalstudios.infernalexp.entities.ThrowableBrickEntity"
"Infernal Expansion","infernalexp:throwable_fire_charge",129,"misc","org.infernalstudios.infernalexp.entities.ThrowableFireChargeEntity"
"Infernal Expansion","infernalexp:throwable_magma_cream",128,"misc","org.infernalstudios.infernalexp.entities.ThrowableMagmaCreamEntity"
"Infernal Expansion","infernalexp:throwable_nether_brick",132,"misc","org.infernalstudios.infernalexp.entities.ThrowableNetherBrickEntity"
"Infernal Expansion","infernalexp:voline",118,"monster","org.infernalstudios.infernalexp.entities.VolineEntity"
"Infernal Expansion","infernalexp:warpbeetle",120,"IECREATURE","org.infernalstudios.infernalexp.entities.WarpbeetleEntity"
"InsaneLib","insanelib:area_effect_cloud_3d",227,"misc","insane96mcp.insanelib.entity.AreaEffectCloud3DEntity"
"Lootr","lootr:lootr_minecart",222,"misc","noobanidus.mods.lootr.entity.LootrChestMinecartEntity"
"Luggage","luggage:ender_luggage",180,"creature","com.gizmo.luggage.entity.EnderLuggage"
"Luggage","luggage:luggage",179,"creature","com.gizmo.luggage.entity.Luggage"
"Mace Port","mace_port:wind_charge",143,"misc","net.undying.mace.entity.WindChargeEntity"
"Mimic","mimic:mimic",228,"misc","ca.lukegrahamlandry.mimic.ForgeGeoMimicEntity"
"Minecraft","minecraft:allay",0,"creature","net.minecraft.world.entity.animal.allay.Allay"
"Minecraft","minecraft:area_effect_cloud",1,"misc","net.minecraft.world.entity.AreaEffectCloud"
"Minecraft","minecraft:armor_stand",2,"misc","net.minecraft.world.entity.decoration.ArmorStand"
"Minecraft","minecraft:arrow",3,"misc","net.minecraft.world.entity.projectile.Arrow"
"Minecraft","minecraft:axolotl",4,"axolotls","net.minecraft.world.entity.animal.axolotl.Axolotl"
"Minecraft","minecraft:bat",5,"ambient","net.minecraft.world.entity.ambient.Bat"
"Minecraft","minecraft:bee",6,"creature","net.minecraft.world.entity.animal.Bee"
"Minecraft","minecraft:blaze",7,"monster","net.minecraft.world.entity.monster.Blaze"
"Minecraft","minecraft:boat",8,"misc","net.minecraft.world.entity.vehicle.Boat"
"Minecraft","minecraft:cat",10,"creature","net.minecraft.world.entity.animal.Cat"
"Minecraft","minecraft:cave_spider",11,"monster","net.minecraft.world.entity.monster.CaveSpider"
"Minecraft","minecraft:chest_boat",9,"misc","net.minecraft.world.entity.vehicle.ChestBoat"
"Minecraft","minecraft:chest_minecart",54,"misc","net.minecraft.world.entity.vehicle.MinecartChest"
"Minecraft","minecraft:chicken",12,"creature","net.minecraft.world.entity.animal.Chicken"
"Minecraft","minecraft:cod",13,"water_ambient","net.minecraft.world.entity.animal.Cod"
"Minecraft","minecraft:command_block_minecart",55,"misc","net.minecraft.world.entity.vehicle.MinecartCommandBlock"
"Minecraft","minecraft:cow",14,"creature","net.minecraft.world.entity.animal.Cow"
"Minecraft","minecraft:creeper",15,"monster","net.minecraft.world.entity.monster.Creeper"
"Minecraft","minecraft:dolphin",16,"water_creature","net.minecraft.world.entity.animal.Dolphin"
"Minecraft","minecraft:donkey",17,"creature","net.minecraft.world.entity.animal.horse.Donkey"
"Minecraft","minecraft:dragon_fireball",18,"misc","net.minecraft.world.entity.projectile.DragonFireball"
"Minecraft","minecraft:drowned",19,"monster","net.minecraft.world.entity.monster.Drowned"
"Minecraft","minecraft:egg",93,"misc","net.minecraft.world.entity.projectile.ThrownEgg"
"Minecraft","minecraft:elder_guardian",20,"monster","net.minecraft.world.entity.monster.ElderGuardian"
"Minecraft","minecraft:end_crystal",21,"misc","net.minecraft.world.entity.boss.enderdragon.EndCrystal"
"Minecraft","minecraft:ender_dragon",22,"monster","net.minecraft.world.entity.boss.enderdragon.EnderDragon"
"Minecraft","minecraft:ender_pearl",94,"misc","net.minecraft.world.entity.projectile.ThrownEnderpearl"
"Minecraft","minecraft:enderman",23,"monster","net.minecraft.world.entity.monster.EnderMan"
"Minecraft","minecraft:endermite",24,"monster","net.minecraft.world.entity.monster.Endermite"
"Minecraft","minecraft:evoker",25,"monster","net.minecraft.world.entity.monster.Evoker"
"Minecraft","minecraft:evoker_fangs",26,"misc","net.minecraft.world.entity.projectile.EvokerFangs"
"Minecraft","minecraft:experience_bottle",95,"misc","net.minecraft.world.entity.projectile.ThrownExperienceBottle"
"Minecraft","minecraft:experience_orb",27,"misc","net.minecraft.world.entity.ExperienceOrb"
"Minecraft","minecraft:eye_of_ender",28,"misc","net.minecraft.world.entity.projectile.EyeOfEnder"
"Minecraft","minecraft:falling_block",29,"misc","net.minecraft.world.entity.item.FallingBlockEntity"
"Minecraft","minecraft:fireball",46,"misc","net.minecraft.world.entity.projectile.LargeFireball"
"Minecraft","minecraft:firework_rocket",30,"misc","net.minecraft.world.entity.projectile.FireworkRocketEntity"
"Minecraft","minecraft:fishing_bobber",117,"misc","net.minecraft.world.entity.projectile.FishingHook"
"Minecraft","minecraft:fox",31,"creature","net.minecraft.world.entity.animal.Fox"
"Minecraft","minecraft:frog",32,"creature","net.minecraft.world.entity.animal.frog.Frog"
"Minecraft","minecraft:furnace_minecart",56,"misc","net.minecraft.world.entity.vehicle.MinecartFurnace"
"Minecraft","minecraft:ghast",33,"monster","net.minecraft.world.entity.monster.Ghast"
"Minecraft","minecraft:giant",34,"monster","net.minecraft.world.entity.monster.Giant"
"Minecraft","minecraft:glow_item_frame",35,"misc","net.minecraft.world.entity.decoration.GlowItemFrame"
"Minecraft","minecraft:glow_squid",36,"underground_water_creature","net.minecraft.world.entity.GlowSquid"
"Minecraft","minecraft:goat",37,"creature","net.minecraft.world.entity.animal.goat.Goat"
"Minecraft","minecraft:guardian",38,"monster","net.minecraft.world.entity.monster.Guardian"
"Minecraft","minecraft:hoglin",39,"monster","net.minecraft.world.entity.monster.hoglin.Hoglin"
"Minecraft","minecraft:hopper_minecart",57,"misc","net.minecraft.world.entity.vehicle.MinecartHopper"
"Minecraft","minecraft:horse",40,"creature","net.minecraft.world.entity.animal.horse.Horse"
"Minecraft","minecraft:husk",41,"monster","net.minecraft.world.entity.monster.Husk"
"Minecraft","minecraft:illusioner",42,"monster","net.minecraft.world.entity.monster.Illusioner"
"Minecraft","minecraft:iron_golem",43,"misc","net.minecraft.world.entity.animal.IronGolem"
"Minecraft","minecraft:item",44,"misc","net.minecraft.world.entity.item.ItemEntity"
"Minecraft","minecraft:item_frame",45,"misc","net.minecraft.world.entity.decoration.ItemFrame"
"Minecraft","minecraft:leash_knot",47,"misc","net.minecraft.world.entity.decoration.LeashFenceKnotEntity"
"Minecraft","minecraft:lightning_bolt",48,"misc","net.minecraft.world.entity.LightningBolt"
"Minecraft","minecraft:llama",49,"creature","net.minecraft.world.entity.animal.horse.Llama"
"Minecraft","minecraft:llama_spit",50,"misc","net.minecraft.world.entity.projectile.LlamaSpit"
"Minecraft","minecraft:magma_cube",51,"monster","net.minecraft.world.entity.monster.MagmaCube"
"Minecraft","minecraft:marker",52,"misc","net.minecraft.world.entity.Marker"
"Minecraft","minecraft:minecart",53,"misc","net.minecraft.world.entity.vehicle.Minecart"
"Minecraft","minecraft:mooshroom",61,"creature","net.minecraft.world.entity.animal.MushroomCow"
"Minecraft","minecraft:mule",60,"creature","net.minecraft.world.entity.animal.horse.Mule"
"Minecraft","minecraft:ocelot",62,"creature","net.minecraft.world.entity.animal.Ocelot"
"Minecraft","minecraft:painting",63,"misc","net.minecraft.world.entity.decoration.Painting"
"Minecraft","minecraft:panda",64,"creature","net.minecraft.world.entity.animal.Panda"
"Minecraft","minecraft:parrot",65,"creature","net.minecraft.world.entity.animal.Parrot"
"Minecraft","minecraft:phantom",66,"monster","net.minecraft.world.entity.monster.Phantom"
"Minecraft","minecraft:pig",67,"creature","net.minecraft.world.entity.animal.Pig"
"Minecraft","minecraft:piglin",68,"monster","net.minecraft.world.entity.monster.piglin.Piglin"
"Minecraft","minecraft:piglin_brute",69,"monster","net.minecraft.world.entity.monster.piglin.PiglinBrute"
"Minecraft","minecraft:pillager",70,"monster","net.minecraft.world.entity.monster.Pillager"
"Minecraft","minecraft:player",116,"misc","?"
"Minecraft","minecraft:polar_bear",71,"creature","net.minecraft.world.entity.animal.PolarBear"
"Minecraft","minecraft:potion",96,"misc","net.minecraft.world.entity.projectile.ThrownPotion"
"Minecraft","minecraft:pufferfish",73,"water_ambient","net.minecraft.world.entity.animal.Pufferfish"
"Minecraft","minecraft:rabbit",74,"creature","net.minecraft.world.entity.animal.Rabbit"
"Minecraft","minecraft:ravager",75,"monster","net.minecraft.world.entity.monster.Ravager"
"Minecraft","minecraft:salmon",76,"water_ambient","net.minecraft.world.entity.animal.Salmon"
"Minecraft","minecraft:sheep",77,"creature","net.minecraft.world.entity.animal.Sheep"
"Minecraft","minecraft:shulker",78,"monster","net.minecraft.world.entity.monster.Shulker"
"Minecraft","minecraft:shulker_bullet",79,"misc","net.minecraft.world.entity.projectile.ShulkerBullet"
"Minecraft","minecraft:silverfish",80,"monster","net.minecraft.world.entity.monster.Silverfish"
"Minecraft","minecraft:skeleton",81,"monster","net.minecraft.world.entity.monster.Skeleton"
"Minecraft","minecraft:skeleton_horse",82,"creature","net.minecraft.world.entity.animal.horse.SkeletonHorse"
"Minecraft","minecraft:slime",83,"monster","net.minecraft.world.entity.monster.Slime"
"Minecraft","minecraft:small_fireball",84,"misc","net.minecraft.world.entity.projectile.SmallFireball"
"Minecraft","minecraft:snow_golem",85,"misc","net.minecraft.world.entity.animal.SnowGolem"
"Minecraft","minecraft:snowball",86,"misc","net.minecraft.world.entity.projectile.Snowball"
"Minecraft","minecraft:spawner_minecart",58,"misc","net.minecraft.world.entity.vehicle.MinecartSpawner"
"Minecraft","minecraft:spectral_arrow",87,"misc","net.minecraft.world.entity.projectile.SpectralArrow"
"Minecraft","minecraft:spider",88,"monster","net.minecraft.world.entity.monster.Spider"
"Minecraft","minecraft:squid",89,"water_creature","net.minecraft.world.entity.animal.Squid"
"Minecraft","minecraft:stray",90,"monster","net.minecraft.world.entity.monster.Stray"
"Minecraft","minecraft:strider",91,"creature","net.minecraft.world.entity.monster.Strider"
"Minecraft","minecraft:tadpole",92,"creature","net.minecraft.world.entity.animal.frog.Tadpole"
"Minecraft","minecraft:tnt",72,"misc","net.minecraft.world.entity.item.PrimedTnt"
"Minecraft","minecraft:tnt_minecart",59,"misc","net.minecraft.world.entity.vehicle.MinecartTNT"
"Minecraft","minecraft:trader_llama",98,"creature","net.minecraft.world.entity.animal.horse.TraderLlama"
"Minecraft","minecraft:trident",97,"misc","net.minecraft.world.entity.projectile.ThrownTrident"
"Minecraft","minecraft:tropical_fish",99,"water_ambient","net.minecraft.world.entity.animal.TropicalFish"
"Minecraft","minecraft:turtle",100,"creature","net.minecraft.world.entity.animal.Turtle"
"Minecraft","minecraft:vex",101,"monster","net.minecraft.world.entity.monster.Vex"
"Minecraft","minecraft:villager",102,"misc","net.minecraft.world.entity.npc.Villager"
"Minecraft","minecraft:vindicator",103,"monster","net.minecraft.world.entity.monster.Vindicator"
"Minecraft","minecraft:wandering_trader",104,"creature","net.minecraft.world.entity.npc.WanderingTrader"
"Minecraft","minecraft:warden",105,"monster","net.minecraft.world.entity.monster.warden.Warden"
"Minecraft","minecraft:witch",106,"monster","net.minecraft.world.entity.monster.Witch"
"Minecraft","minecraft:wither",107,"monster","net.minecraft.world.entity.boss.wither.WitherBoss"
"Minecraft","minecraft:wither_skeleton",108,"monster","net.minecraft.world.entity.monster.WitherSkeleton"
"Minecraft","minecraft:wither_skull",109,"misc","net.minecraft.world.entity.projectile.WitherSkull"
"Minecraft","minecraft:wolf",110,"creature","net.minecraft.world.entity.animal.Wolf"
"Minecraft","minecraft:zoglin",111,"monster","net.minecraft.world.entity.monster.Zoglin"
"Minecraft","minecraft:zombie",112,"monster","net.minecraft.world.entity.monster.Zombie"
"Minecraft","minecraft:zombie_horse",113,"creature","net.minecraft.world.entity.animal.horse.ZombieHorse"
"Minecraft","minecraft:zombie_villager",114,"monster","net.minecraft.world.entity.monster.ZombieVillager"
"Minecraft","minecraft:zombified_piglin",115,"monster","net.minecraft.world.entity.monster.ZombifiedPiglin"
"MmmMmmMmmmmm","dummmmmmy:target_dummy",350,"misc","net.mehvahdjukaar.dummmmmmy.common.TargetDummyEntity"
"Mowzie's Mobs","mowziesmobs:axe_attack",165,"misc","com.bobmowzie.mowziesmobs.server.entity.effects.EntityAxeAttack"
"Mowzie's Mobs","mowziesmobs:baby_foliaath",145,"monster","com.bobmowzie.mowziesmobs.server.entity.foliaath.EntityBabyFoliaath"
"Mowzie's Mobs","mowziesmobs:block_swapper",173,"misc","com.bobmowzie.mowziesmobs.server.entity.effects.EntityBlockSwapper"
"Mowzie's Mobs","mowziesmobs:block_swapper_sculptor",174,"misc","com.bobmowzie.mowziesmobs.server.entity.effects.EntityBlockSwapper$EntityBlockSwapperSculptor"
"Mowzie's Mobs","mowziesmobs:boulder_platform",162,"misc","com.bobmowzie.mowziesmobs.server.entity.effects.geomancy.EntityBoulderPlatform"
"Mowzie's Mobs","mowziesmobs:boulder_projectile",160,"misc","com.bobmowzie.mowziesmobs.server.entity.effects.geomancy.EntityBoulderProjectile"
"Mowzie's Mobs","mowziesmobs:camera_shake",175,"misc","com.bobmowzie.mowziesmobs.server.entity.effects.EntityCameraShake"
"Mowzie's Mobs","mowziesmobs:dart",169,"misc","com.bobmowzie.mowziesmobs.server.entity.EntityDart"
"Mowzie's Mobs","mowziesmobs:falling_block",172,"misc","com.bobmowzie.mowziesmobs.server.entity.effects.EntityFallingBlock"
"Mowzie's Mobs","mowziesmobs:ferrous_wroughtnaut",146,"monster","com.bobmowzie.mowziesmobs.server.entity.wroughtnaut.EntityWroughtnaut"
"Mowzie's Mobs","mowziesmobs:foliaath",144,"monster","com.bobmowzie.mowziesmobs.server.entity.foliaath.EntityFoliaath"
"Mowzie's Mobs","mowziesmobs:frostmaw",154,"monster","com.bobmowzie.mowziesmobs.server.entity.frostmaw.EntityFrostmaw"
"Mowzie's Mobs","mowziesmobs:frozen_controller",168,"misc","com.bobmowzie.mowziesmobs.server.entity.frostmaw.EntityFrozenController"
"Mowzie's Mobs","mowziesmobs:grottol",155,"monster","com.bobmowzie.mowziesmobs.server.entity.grottol.EntityGrottol"
"Mowzie's Mobs","mowziesmobs:ice_ball",167,"misc","com.bobmowzie.mowziesmobs.server.entity.effects.EntityIceBall"
"Mowzie's Mobs","mowziesmobs:ice_breath",166,"misc","com.bobmowzie.mowziesmobs.server.entity.effects.EntityIceBreath"
"Mowzie's Mobs","mowziesmobs:lantern",156,"ambient","com.bobmowzie.mowziesmobs.server.entity.lantern.EntityLantern"
"Mowzie's Mobs","mowziesmobs:naga",157,"monster","com.bobmowzie.mowziesmobs.server.entity.naga.EntityNaga"
"Mowzie's Mobs","mowziesmobs:pillar",163,"misc","com.bobmowzie.mowziesmobs.server.entity.effects.geomancy.EntityPillar"
"Mowzie's Mobs","mowziesmobs:pillar_piece",164,"misc","com.bobmowzie.mowziesmobs.server.entity.effects.geomancy.EntityPillarPiece"
"Mowzie's Mobs","mowziesmobs:poison_ball",170,"misc","com.bobmowzie.mowziesmobs.server.entity.effects.EntityPoisonBall"
"Mowzie's Mobs","mowziesmobs:rock_sling",161,"misc","com.bobmowzie.mowziesmobs.server.entity.effects.geomancy.EntityRockSling"
"Mowzie's Mobs","mowziesmobs:solar_beam",159,"misc","com.bobmowzie.mowziesmobs.server.entity.effects.EntitySolarBeam"
"Mowzie's Mobs","mowziesmobs:sunstrike",158,"misc","com.bobmowzie.mowziesmobs.server.entity.effects.EntitySunstrike"
"Mowzie's Mobs","mowziesmobs:super_nova",171,"misc","com.bobmowzie.mowziesmobs.server.entity.effects.EntitySuperNova"
"Mowzie's Mobs","mowziesmobs:umvuthana",150,"monster","com.bobmowzie.mowziesmobs.server.entity.umvuthana.EntityUmvuthanaMinion"
"Mowzie's Mobs","mowziesmobs:umvuthana_crane",152,"monster","com.bobmowzie.mowziesmobs.server.entity.umvuthana.EntityUmvuthanaCrane"
"Mowzie's Mobs","mowziesmobs:umvuthana_crane_player",149,"monster","com.bobmowzie.mowziesmobs.server.entity.umvuthana.EntityUmvuthanaCraneToPlayer"
"Mowzie's Mobs","mowziesmobs:umvuthana_follower_player",148,"monster","com.bobmowzie.mowziesmobs.server.entity.umvuthana.EntityUmvuthanaFollowerToPlayer"
"Mowzie's Mobs","mowziesmobs:umvuthana_follower_raptor",147,"monster","com.bobmowzie.mowziesmobs.server.entity.umvuthana.EntityUmvuthanaFollowerToRaptor"
"Mowzie's Mobs","mowziesmobs:umvuthana_raptor",151,"monster","com.bobmowzie.mowziesmobs.server.entity.umvuthana.EntityUmvuthanaRaptor"
"Mowzie's Mobs","mowziesmobs:umvuthi",153,"monster","com.bobmowzie.mowziesmobs.server.entity.umvuthana.EntityUmvuthi"
"Pretty Pipes","prettypipes:pipe_frame",351,"misc","de.ellpeck.prettypipes.entities.PipeFrameEntity"
"Quark","quark:crab",515,"creature","vazkii.quark.content.mobs.entity.Crab"
"Quark","quark:dyed_item_frame",511,"misc","vazkii.quark.content.tweaks.entity.DyedItemFrame"
"Quark","quark:echorang",522,"misc","vazkii.quark.content.tools.entity.rang.Echorang"
"Quark","quark:flamerang",521,"misc","vazkii.quark.content.tools.entity.rang.Flamerang"
"Quark","quark:forgotten",516,"monster","vazkii.quark.content.mobs.entity.Forgotten"
"Quark","quark:foxhound",512,"creature","vazkii.quark.content.mobs.entity.Foxhound"
"Quark","quark:glass_frame",509,"misc","vazkii.quark.content.building.entity.GlassItemFrame"
"Quark","quark:gravisand",510,"misc","vazkii.quark.content.automation.entity.Gravisand"
"Quark","quark:parrot_egg",523,"misc","vazkii.quark.content.tools.entity.ParrotEgg"
"Quark","quark:pickarang",520,"misc","vazkii.quark.content.tools.entity.rang.Pickarang"
"Quark","quark:quark_boat",527,"misc","vazkii.quark.base.item.boat.QuarkBoat"
"Quark","quark:quark_chest_boat",528,"misc","vazkii.quark.base.item.boat.QuarkChestBoat"
"Quark","quark:shiba",517,"creature","vazkii.quark.content.mobs.entity.Shiba"
"Quark","quark:skull_pike",525,"misc","vazkii.quark.content.tools.entity.SkullPike"
"Quark","quark:soul_bead",514,"misc","vazkii.quark.content.mobs.entity.SoulBead"
"Quark","quark:stoneling",518,"creature","vazkii.quark.content.mobs.entity.Stoneling"
"Quark","quark:stool",508,"misc","vazkii.quark.content.building.entity.Stool"
"Quark","quark:torch_arrow",524,"misc","vazkii.quark.content.tools.entity.TorchArrow"
"Quark","quark:toretoise",519,"creature","vazkii.quark.content.mobs.entity.Toretoise"
"Quark","quark:totem",526,"misc","vazkii.quark.addons.oddities.entity.TotemOfHoldingEntity"
"Quark","quark:wraith",513,"monster","vazkii.quark.content.mobs.entity.Wraith"
"Realistic Horse Genetics","horse_colors:donkey",433,"creature","sekelsta.horse_colors.entity.DonkeyGeneticEntity"
"Realistic Horse Genetics","horse_colors:horse_felinoid",432,"creature","sekelsta.horse_colors.entity.HorseGeneticEntity"
"Realistic Horse Genetics","horse_colors:mule",434,"creature","sekelsta.horse_colors.entity.MuleGeneticEntity"
"Realm RPG: Creep & Crop","realmrpg_creep:creepling",176,"monster","net.mcreator.realmrpgcreep.entity.CreeplingEntity"
"Realm RPG: Creep & Crop","realmrpg_creep:creepling_tamed",178,"monster","net.mcreator.realmrpgcreep.entity.CreeplingTamedEntity"
"Realm RPG: Creep & Crop","realmrpg_creep:halloweed",177,"monster","net.mcreator.realmrpgcreep.entity.HalloweedEntity"
"Realm RPG: Pots & Mimics","pots_and_mimics:end_pot_crab",226,"monster","net.mcreator.potsandmimics.entity.EndPotCrabEntity"
"Realm RPG: Pots & Mimics","pots_and_mimics:nether_pot_crab",225,"monster","net.mcreator.potsandmimics.entity.NetherPotCrabEntity"
"Realm RPG: Pots & Mimics","pots_and_mimics:poison_pot_crab",224,"monster","net.mcreator.potsandmimics.entity.PoisonPotCrabEntity"
"Realm RPG: Pots & Mimics","pots_and_mimics:pot_crab",223,"monster","net.mcreator.potsandmimics.entity.PotCrabEntity"
"Savage & Ravage","savage_and_ravage:burning_banner",472,"misc","com.teamabnormals.savage_and_ravage.common.entity.decoration.BurningBanner"
"Savage & Ravage","savage_and_ravage:confusion_bolt",478,"misc","com.teamabnormals.savage_and_ravage.common.entity.projectile.ConfusionBolt"
"Savage & Ravage","savage_and_ravage:creepie",466,"creature","com.teamabnormals.savage_and_ravage.common.entity.monster.Creepie"
"Savage & Ravage","savage_and_ravage:executioner",471,"monster","com.teamabnormals.savage_and_ravage.common.entity.monster.Executioner"
"Savage & Ravage","savage_and_ravage:griefer",467,"monster","com.teamabnormals.savage_and_ravage.common.entity.monster.Griefer"
"Savage & Ravage","savage_and_ravage:ice_chunk",475,"misc","com.teamabnormals.savage_and_ravage.common.entity.projectile.IceChunk"
"Savage & Ravage","savage_and_ravage:ice_cloud",476,"misc","com.teamabnormals.savage_and_ravage.common.entity.projectile.IceCloud"
"Savage & Ravage","savage_and_ravage:iceologer",470,"monster","com.teamabnormals.savage_and_ravage.common.entity.monster.Iceologer"
"Savage & Ravage","savage_and_ravage:mischief_arrow",469,"misc","com.teamabnormals.savage_and_ravage.common.entity.projectile.MischiefArrow"
"Savage & Ravage","savage_and_ravage:rune_prison",477,"misc","com.teamabnormals.savage_and_ravage.common.entity.projectile.RunePrison"
"Savage & Ravage","savage_and_ravage:skeleton_villager",465,"monster","com.teamabnormals.savage_and_ravage.common.entity.monster.SkeletonVillager"
"Savage & Ravage","savage_and_ravage:spore_bomb",474,"misc","com.teamabnormals.savage_and_ravage.common.entity.item.SporeBomb"
"Savage & Ravage","savage_and_ravage:spore_cloud",473,"misc","com.teamabnormals.savage_and_ravage.common.entity.projectile.SporeCloud"
"Savage & Ravage","savage_and_ravage:trickster",468,"monster","com.teamabnormals.savage_and_ravage.common.entity.monster.Trickster"
"Simply Swords","simplyswords:battlestandard",506,"misc","net.sweenus.simplyswords.entity.BattleStandardEntity"
"Simply Swords","simplyswords:battlestandarddark",507,"misc","net.sweenus.simplyswords.entity.BattleStandardDarkEntity"
"Supplementaries","supplementaries:bomb",537,"misc","net.mehvahdjukaar.supplementaries.common.entities.BombEntity"
"Supplementaries","supplementaries:brick_projectile",536,"misc","net.mehvahdjukaar.supplementaries.common.entities.ThrowableBrickEntity"
"Supplementaries","supplementaries:dispenser_minecart",530,"misc","net.mehvahdjukaar.supplementaries.common.entities.dispenser_minecart.DispenserMinecartEntity"
"Supplementaries","supplementaries:falling_ash",533,"misc","net.mehvahdjukaar.supplementaries.common.entities.FallingAshEntity"
"Supplementaries","supplementaries:falling_lantern",534,"misc","net.mehvahdjukaar.supplementaries.common.entities.FallingLanternEntity"
"Supplementaries","supplementaries:falling_sack",535,"misc","net.mehvahdjukaar.moonlight.api.entity.ImprovedFallingBlockEntity"
"Supplementaries","supplementaries:falling_urn",532,"misc","net.mehvahdjukaar.supplementaries.common.entities.FallingUrnEntity"
"Supplementaries","supplementaries:pearl_marker",529,"misc","net.mehvahdjukaar.supplementaries.common.entities.PearlMarker"
"Supplementaries","supplementaries:red_merchant",531,"creature","net.mehvahdjukaar.supplementaries.common.entities.RedMerchantEntity"
"Supplementaries","supplementaries:rope_arrow",538,"misc","net.mehvahdjukaar.supplementaries.common.entities.RopeArrowEntity"
"Supplementaries","supplementaries:slingshot_projectile",539,"misc","net.mehvahdjukaar.supplementaries.common.entities.SlingshotProjectileEntity"
"Thermal Series","thermal:basalz",186,"monster","cofh.thermal.core.entity.monster.Basalz"
"Thermal Series","thermal:basalz_projectile",189,"misc","cofh.thermal.core.entity.projectile.BasalzProjectile"
"Thermal Series","thermal:blitz",188,"monster","cofh.thermal.core.entity.monster.Blitz"
"Thermal Series","thermal:blitz_projectile",191,"misc","cofh.thermal.core.entity.projectile.BlitzProjectile"
"Thermal Series","thermal:blizz",187,"monster","cofh.thermal.core.entity.monster.Blizz"
"Thermal Series","thermal:blizz_projectile",190,"misc","cofh.thermal.core.entity.projectile.BlizzProjectile"
"Thermal Series","thermal:earth_grenade",196,"misc","cofh.thermal.core.entity.explosive.Grenade"
"Thermal Series","thermal:earth_tnt",206,"misc","cofh.thermal.core.entity.explosive.ThermalTNTEntity"
"Thermal Series","thermal:ender_grenade",197,"misc","cofh.thermal.core.entity.explosive.Grenade"
"Thermal Series","thermal:ender_tnt",207,"misc","cofh.thermal.core.entity.explosive.ThermalTNTEntity"
"Thermal Series","thermal:explosive_grenade",192,"misc","cofh.thermal.core.entity.explosive.Grenade"
"Thermal Series","thermal:fire_grenade",193,"misc","cofh.thermal.core.entity.explosive.Grenade"
"Thermal Series","thermal:fire_tnt",203,"misc","cofh.thermal.core.entity.explosive.ThermalTNTEntity"
"Thermal Series","thermal:glowstone_grenade",198,"misc","cofh.thermal.core.entity.explosive.Grenade"
"Thermal Series","thermal:glowstone_tnt",208,"misc","cofh.thermal.core.entity.explosive.ThermalTNTEntity"
"Thermal Series","thermal:ice_grenade",194,"misc","cofh.thermal.core.entity.explosive.Grenade"
"Thermal Series","thermal:ice_tnt",204,"misc","cofh.thermal.core.entity.explosive.ThermalTNTEntity"
"Thermal Series","thermal:lightning_grenade",195,"misc","cofh.thermal.core.entity.explosive.Grenade"
"Thermal Series","thermal:lightning_tnt",205,"misc","cofh.thermal.core.entity.explosive.ThermalTNTEntity"
"Thermal Series","thermal:nuke_grenade",202,"misc","cofh.thermal.core.entity.explosive.Grenade"
"Thermal Series","thermal:nuke_tnt",212,"misc","cofh.thermal.core.entity.explosive.ThermalTNTEntity"
"Thermal Series","thermal:phyto_grenade",201,"misc","cofh.thermal.core.entity.explosive.Grenade"
"Thermal Series","thermal:phyto_tnt",211,"misc","cofh.thermal.core.entity.explosive.ThermalTNTEntity"
"Thermal Series","thermal:redstone_grenade",199,"misc","cofh.thermal.core.entity.explosive.Grenade"
"Thermal Series","thermal:redstone_tnt",209,"misc","cofh.thermal.core.entity.explosive.ThermalTNTEntity"
"Thermal Series","thermal:rubberwood_boat",213,"misc","cofh.core.entity.BoatCoFH"
"Thermal Series","thermal:rubberwood_chest_boat",214,"misc","cofh.core.entity.ChestBoatCoFH"
"Thermal Series","thermal:slime_grenade",200,"misc","cofh.thermal.core.entity.explosive.Grenade"
"Thermal Series","thermal:slime_tnt",210,"misc","cofh.thermal.core.entity.explosive.ThermalTNTEntity"
"Tinkers' Construct","tconstruct:crystalshot",505,"misc","slimeknights.tconstruct.tools.item.CrystalshotItem$CrystalshotEntity"
"Tinkers' Construct","tconstruct:efln_ball",497,"misc","slimeknights.tconstruct.gadgets.entity.EFLNEntity"
"Tinkers' Construct","tconstruct:ender_slime",501,"monster","slimeknights.tconstruct.world.entity.EnderSlimeEntity"
"Tinkers' Construct","tconstruct:fancy_item_frame",495,"misc","slimeknights.tconstruct.gadgets.entity.FancyItemFrameEntity"
"Tinkers' Construct","tconstruct:flint_shuriken",499,"misc","slimeknights.tconstruct.gadgets.entity.shuriken.FlintShurikenEntity"
"Tinkers' Construct","tconstruct:fluid_spit",503,"misc","slimeknights.tconstruct.tools.entity.FluidEffectProjectile"
"Tinkers' Construct","tconstruct:glow_ball",496,"misc","slimeknights.tconstruct.gadgets.entity.GlowballEntity"
"Tinkers' Construct","tconstruct:indestructible_item",504,"misc","slimeknights.tconstruct.library.tools.IndestructibleItemEntity"
"Tinkers' Construct","tconstruct:quartz_shuriken",498,"misc","slimeknights.tconstruct.gadgets.entity.shuriken.QuartzShurikenEntity"
"Tinkers' Construct","tconstruct:sky_slime",500,"monster","slimeknights.tconstruct.world.entity.SkySlimeEntity"
"Tinkers' Construct","tconstruct:terracube",502,"monster","slimeknights.tconstruct.world.entity.TerracubeEntity"
"Tumbleweed","tumbleweed:tumbleweed",461,"misc","net.konwboy.tumbleweed.common.EntityTumbleweed"
"Unusual End","unusualend:bolok",140,"monster","net.mcreator.unusualend.entity.BolokEntity"
"Unusual End","unusualend:dragling",139,"monster","net.mcreator.unusualend.entity.DraglingEntity"
"Unusual End","unusualend:ender_blob",136,"monster","net.mcreator.unusualend.entity.EnderblobEntity"
"Unusual End","unusualend:ender_firefly",137,"monster","net.mcreator.unusualend.entity.EnderBugEntity"
"Unusual End","unusualend:endstone_golem",138,"monster","net.mcreator.unusualend.entity.EndstoneGolemEntity"
"Unusual End","unusualend:endstone_trapper",134,"monster","net.mcreator.unusualend.entity.EnderTrapperEntity"
"Unusual End","unusualend:projectile_creative_wandering_pearl",142,"misc","net.mcreator.unusualend.entity.WanderingPearlEntity"
"Unusual End","unusualend:projectile_phantom_arrow",133,"misc","net.mcreator.unusualend.entity.PhantomArrowEntity"
"Unusual End","unusualend:undead_enderling",135,"monster","net.mcreator.unusualend.entity.EnderlingEntity"
"Unusual End","unusualend:warpedislandplacer",141,"monster","net.mcreator.unusualend.entity.WarpedislandplacerEntity"
"Upgrade Aquatic","upgrade_aquatic:box_jellyfish",489,"water_creature","com.teamabnormals.upgrade_aquatic.common.entity.animal.jellyfish.BoxJellyfish"
"Upgrade Aquatic","upgrade_aquatic:cassiopea_jellyfish",490,"water_creature","com.teamabnormals.upgrade_aquatic.common.entity.animal.jellyfish.CassiopeaJellyfish"
"Upgrade Aquatic","upgrade_aquatic:flare",486,"monster","com.teamabnormals.upgrade_aquatic.common.entity.monster.Flare"
"Upgrade Aquatic","upgrade_aquatic:goose",488,"creature","com.teamabnormals.upgrade_aquatic.common.entity.animal.Goose"
"Upgrade Aquatic","upgrade_aquatic:great_thrasher",485,"monster","com.teamabnormals.upgrade_aquatic.common.entity.monster.GreatThrasher"
"Upgrade Aquatic","upgrade_aquatic:immortal_jellyfish",491,"water_creature","com.teamabnormals.upgrade_aquatic.common.entity.animal.jellyfish.ImmortalJellyfish"
"Upgrade Aquatic","upgrade_aquatic:lionfish",483,"water_ambient","com.teamabnormals.upgrade_aquatic.common.entity.animal.Lionfish"
"Upgrade Aquatic","upgrade_aquatic:nautilus",480,"water_ambient","com.teamabnormals.upgrade_aquatic.common.entity.animal.Nautilus"
"Upgrade Aquatic","upgrade_aquatic:perch",482,"water_ambient","com.teamabnormals.upgrade_aquatic.common.entity.animal.Perch"
"Upgrade Aquatic","upgrade_aquatic:pike",481,"water_ambient","com.teamabnormals.upgrade_aquatic.common.entity.animal.Pike"
"Upgrade Aquatic","upgrade_aquatic:sonar_wave",479,"misc","com.teamabnormals.upgrade_aquatic.common.entity.projectile.SonarWave"
"Upgrade Aquatic","upgrade_aquatic:thrasher",484,"monster","com.teamabnormals.upgrade_aquatic.common.entity.monster.Thrasher"
"Upgrade Aquatic","upgrade_aquatic:ululu",487,"monster","com.teamabnormals.upgrade_aquatic.common.entity.animal.Ululu"
