"Mod name","Registry name","Display name","Max Damage","Tags"
"Alex's Mobs","alexsmobs:blood_sprayer","Blood Sprayer","100",""
"Alex's Mobs","alexsmobs:centipede_leggings","Cave Centipede Leggings","300",""
"Alex's Mobs","alexsmobs:crocodile_chestplate","Crocodile Chestplate","352",""
"Alex's Mobs","alexsmobs:dimensional_carver","Dimensional Carver","20",""
"Alex's Mobs","alexsmobs:echolocator","Echolocator","100",""
"Alex's Mobs","alexsmobs:emu_leggings","Outback Leggings","135",""
"Alex's Mobs","alexsmobs:endolocator","Endolocator","25",""
"Alex's Mobs","alexsmobs:fedora","Fedora","110",""
"Alex's Mobs","alexsmobs:flying_fish_boots","Flying Fish Boots","117",""
"Alex's Mobs","alexsmobs:frontier_cap","Frontiersman's Cap","187",""
"Alex's Mobs","alexsmobs:froststalker_helmet","Froststalker Helmet","99",""
"Alex's Mobs","alexsmobs:ghostly_pickaxe","Ghostly Pickaxe","700","minecraft:cluster_max_harvestables"
"Alex's Mobs","alexsmobs:hemolymph_blaster","Hemolymph Blaster","150",""
"Alex's Mobs","alexsmobs:moose_headgear","Antler Headdress","209",""
"Alex's Mobs","alexsmobs:novelty_hat","Novelty Hat","110",""
"Alex's Mobs","alexsmobs:pocket_sand","Pocket of Sand","220",""
"Alex's Mobs","alexsmobs:pupfish_locator","Strange Fish Finder","200",""
"Alex's Mobs","alexsmobs:roadrunner_boots","Roadrunner Boots","234",""
"Alex's Mobs","alexsmobs:rocky_chestplate","Rock Shell Chestplate","320",""
"Alex's Mobs","alexsmobs:shattered_dimensional_carver","Shattered Dimensional Carver","4",""
"Alex's Mobs","alexsmobs:shield_of_the_deep","Shield Of The Deep","400",""
"Alex's Mobs","alexsmobs:skelewag_sword","Skelewag Skull","430",""
"Alex's Mobs","alexsmobs:sombrero","Sombrero","154",""
"Alex's Mobs","alexsmobs:spiked_turtle_shell","Spiked Turtle Shell","385",""
"Alex's Mobs","alexsmobs:squid_grapple","Grappling Squok","450",""
"Alex's Mobs","alexsmobs:stink_ray","Stink Ray","5",""
"Alex's Mobs","alexsmobs:straddleboard","Straddleboard","220",""
"Alex's Mobs","alexsmobs:tarantula_hawk_elytra","Tarantula Hawk Elytra","800",""
"Alex's Mobs","alexsmobs:tendon_whip","Tendon Whip","450",""
"Alex's Mobs","alexsmobs:unsettling_kimono","Unsettling Kimono","128",""
"Autumnity","autumnity:snail_shell_chestplate","Snail Shell Chestplate","368",""
"Born in Chaos","born_in_chaos_v1:charmof_endurance","§eCharm of Endurance","5",""
"Born in Chaos","born_in_chaos_v1:charmof_fury","§4Charm of Fury","5",""
"Born in Chaos","born_in_chaos_v1:charmof_power","§cCharm of Strength","5",""
"Born in Chaos","born_in_chaos_v1:charmof_resistance","§bCharm of Resistance","5",""
"Born in Chaos","born_in_chaos_v1:charmof_stealth","§2Charm of Stealth","5",""
"Born in Chaos","born_in_chaos_v1:dark_metal_armor_boots","§6Dark Metal Boots","650",""
"Born in Chaos","born_in_chaos_v1:dark_metal_armor_chestplate","§6Dark Metal Chestplate","800",""
"Born in Chaos","born_in_chaos_v1:dark_metal_armor_helmet","§6Dark Metal Helmet","550",""
"Born in Chaos","born_in_chaos_v1:dark_metal_armor_leggings","§6Dark Metal Leggings","750",""
"Born in Chaos","born_in_chaos_v1:dark_ritual_dagger","§6Dark Ritual Dagger","700",""
"Born in Chaos","born_in_chaos_v1:darkwarblade","§6Dark Warblade","4000",""
"Born in Chaos","born_in_chaos_v1:great_reaper_axe","§6Great Reaper Axe","1100",""
"Born in Chaos","born_in_chaos_v1:intoxicating_dagger","§6Intoxicating Dagger","1100",""
"Born in Chaos","born_in_chaos_v1:nightmare_mantleofthe_night_boots","§6Nightmare Boots","390",""
"Born in Chaos","born_in_chaos_v1:nightmare_mantleofthe_night_chestplate","§6Nightmare Robe","480",""
"Born in Chaos","born_in_chaos_v1:nightmare_mantleofthe_night_helmet","§6Nightmare Mask","330",""
"Born in Chaos","born_in_chaos_v1:nightmare_mantleofthe_night_leggings","§6Nightmare Pants","450",""
"Born in Chaos","born_in_chaos_v1:nightmare_scythe","§6Nightmare Scythe","700",""
"Born in Chaos","born_in_chaos_v1:pumpkin_pistol","§6Pumpkin Pistol","3000",""
"Born in Chaos","born_in_chaos_v1:pumpkin_pistol_2","§6Pumpkin Pistol","2000",""
"Born in Chaos","born_in_chaos_v1:pumpkin_staff","§6Pumpkin Staff","900",""
"Born in Chaos","born_in_chaos_v1:pumpkin_staff_2","§6Pumpkin Staff","2000",""
"Born in Chaos","born_in_chaos_v1:sharpened_dark_metal_sword","§6Sharpened Dark Metal Sword","1100",""
"Born in Chaos","born_in_chaos_v1:shell_mace","§6Shell Mace","500",""
"Born in Chaos","born_in_chaos_v1:skullbreaker_hammer","§6Skullbreaker Hammer","1700",""
"Born in Chaos","born_in_chaos_v1:soul_cutlass","§6Soul Saber","700",""
"Born in Chaos","born_in_chaos_v1:soulbane","§6Soulbane","3000",""
"Born in Chaos","born_in_chaos_v1:spiny_shell_armor_chestplate","§6Spiny Shell Chestplate","320",""
"Born in Chaos","born_in_chaos_v1:spiny_shell_armor_helmet","§6Spiny Shell Helmet","220",""
"Born in Chaos","born_in_chaos_v1:spiritual_sword","§6Spirit Divider","500",""
"Born in Chaos","born_in_chaos_v1:staffof_blindness","Staff of Blindness","100",""
"Born in Chaos","born_in_chaos_v1:staffof_magic_arrows","§6Staff of Magic Arrows","150",""
"Born in Chaos","born_in_chaos_v1:staffof_magic_arrows_2","§6Staff of Magic Arrows","150",""
"Born in Chaos","born_in_chaos_v1:staffofthe_summoner","§6Bonescaller Staff","150",""
"Born in Chaos","born_in_chaos_v1:trident_hayfork","§6Pitchfork","270",""
"Born in Chaos","born_in_chaos_v1:wood_splitter_axe","§6Wood Splitter","270",""
"Desolation (Forge)","desolation:ash_pile","Ash Pile","8",""
"Desolation (Forge)","desolation:ash_pile_thrown","Ash Pile Thrown","100",""
"Desolation (Forge)","desolation:goggles_helmet","Goggles","275",""
"Desolation (Forge)","desolation:mask_and_goggles_helmet","Mask","275",""
"Desolation (Forge)","desolation:mask_helmet","Mask","275",""
"Domestication Innovation","domesticationinnovation:feather_on_a_stick","Feather on a Stick","160",""
"EndlessBiomes","endlessbiomes:anklor_shell_armour_boots","Anklor Shell Armour Boots","325",""
"EndlessBiomes","endlessbiomes:anklor_shell_armour_chestplate","Anklor Shell Armour Chestplate","400",""
"EndlessBiomes","endlessbiomes:anklor_shell_armour_helmet","Anklor Shell Armour Helmet","275",""
"EndlessBiomes","endlessbiomes:anklor_shell_armour_leggings","Anklor Shell Armour Leggings","375",""
"EndlessBiomes","endlessbiomes:void_touched_blade","Void-Touched Blade","1024",""
"EndlessBiomes","endlessbiomes:void_touched_boots_boots","Void-Touched Boots","585",""
"Farmer's Delight","farmersdelight:diamond_knife","Diamond Knife","1561","farmersdelight:straw_harvesters, farmersdelight:tools/knives, forge:tools, forge:tools/knives"
"Farmer's Delight","farmersdelight:flint_knife","Flint Knife","131","farmersdelight:straw_harvesters, farmersdelight:tools/knives, forge:tools, forge:tools/knives"
"Farmer's Delight","farmersdelight:golden_knife","Golden Knife","32","minecraft:piglin_loved, farmersdelight:straw_harvesters, forge:tools, farmersdelight:tools/knives, forge:tools/knives"
"Farmer's Delight","farmersdelight:iron_knife","Iron Knife","250","farmersdelight:straw_harvesters, farmersdelight:tools/knives, forge:tools, forge:tools/knives"
"Farmer's Delight","farmersdelight:netherite_knife","Netherite Knife","2031","farmersdelight:straw_harvesters, farmersdelight:tools/knives, forge:tools, forge:tools/knives"
"Farmer's Delight","farmersdelight:skillet","Skillet","250",""
"Gothic","gothic:beliars_claw","Beliar's Claw","10000",""
"Gothic","gothic:citizen_armor_boots","Citizen Boots (WIP)","325",""
"Gothic","gothic:citizen_armor_chestplate","Citizen Shirt (WIP)","400",""
"Gothic","gothic:citizen_armor_helmet","Citizen Hat (WIP)","275",""
"Gothic","gothic:citizen_armor_leggings","Citizen Pants (WIP)","375",""
"Gothic","gothic:club","Club","151",""
"Gothic","gothic:crawler_armor_boots","Crawler Plate Boots","390",""
"Gothic","gothic:crawler_armor_chestplate","Crawler Plate Armor","480",""
"Gothic","gothic:crawler_armor_leggings","Crawler Plate Leggings","450",""
"Gothic","gothic:ghost_armor_boots","Ghost Boots","390",""
"Gothic","gothic:ghost_armor_chestplate","Ghost Shirt","480",""
"Gothic","gothic:ghost_armor_helmet","Ghost Helmet","330",""
"Gothic","gothic:ghost_armor_leggings","Ghost Pants","450",""
"Gothic","gothic:guardian_armor_boots","Guardian Boots","520","gothic:strong_boots"
"Gothic","gothic:guardian_armor_chestplate","Guardian Chestplate","640","gothic:strong_chestplates"
"Gothic","gothic:guardian_armor_helmet","Guardian Helmet","440","gothic:strong_helmets"
"Gothic","gothic:guardian_armor_leggings","Guardian Leggings","600","gothic:strong_leggings"
"Gothic","gothic:guru_armor_boots","Guru Boots","520",""
"Gothic","gothic:guru_armor_chestplate","Guru Shirt","640",""
"Gothic","gothic:guru_armor_helmet","Guru Hood","440",""
"Gothic","gothic:guru_armor_leggings","Guru Pants","600",""
"Gothic","gothic:mace","Mace","271",""
"Gothic","gothic:magic_ore_armor_boots","Ancient Ore Boots (WIP)","13312",""
"Gothic","gothic:magic_ore_armor_chestplate","Ancient Ore Chestplate (WIP)","16384",""
"Gothic","gothic:magic_ore_armor_helmet","Ancient Ore Helmet (WIP)","11264",""
"Gothic","gothic:magic_ore_armor_leggings","Ancient Ore Leggings (WIP)","15360",""
"Gothic","gothic:miner_leggings","Miner Pants","450",""
"Gothic","gothic:novice_armor_boots","Novice Boots","390",""
"Gothic","gothic:novice_armor_chestplate","Novice Shirt","480",""
"Gothic","gothic:novice_armor_helmet","Novice Headband","330",""
"Gothic","gothic:novice_armor_leggings","Novice Pants","450",""
"Gothic","gothic:old_mineshaft_pickaxe","Old Mineshaft Pickaxe","4000",""
"Gothic","gothic:peasant_armor_boots","Peasant Boots","325",""
"Gothic","gothic:peasant_armor_chestplate","Peasant Shirt","400",""
"Gothic","gothic:peasant_armor_helmet","Peasant Hat","275",""
"Gothic","gothic:peasant_armor_leggings","Peasant Pants","375",""
"Gothic","gothic:ravens_guard_armor_boots","Raven's Guard Boots","780",""
"Gothic","gothic:ravens_guard_armor_chestplate","Raven's Guard Chestplate","960",""
"Gothic","gothic:ravens_guard_armor_helmet","Raven's Guard Helmet","660",""
"Gothic","gothic:ravens_guard_armor_leggings","Raven's Guard Leggings","900",""
"Gothic","gothic:torturers_axe","Torturer's Axe","2350",""
"Gothic","gothic:upgraded_magic_ore_armor_boots","Magic Ore Boots (WIP)","13312",""
"Gothic","gothic:upgraded_magic_ore_armor_chestplate","Magic Ore Chestplate (WIP)","16384",""
"Gothic","gothic:upgraded_magic_ore_armor_helmet","Magic Ore Helmet (WIP)","11264",""
"Gothic","gothic:upgraded_magic_ore_armor_leggings","Magic Ore Leggings (WIP)","15360",""
"Gothic","gothic:urizel","Urizel","10000",""
"Gothic","gothic:wolfs_tooth","Wolf's Tooth","1640",""
"Infernal Expansion","infernalexp:blindsight_tongue_whip","Blindsight Tongue Whip","131","miningmaster:catalysts"
"Infernal Expansion","infernalexp:glowsilk_bow","Glowsilk Bow","384",""
"Infernal Expansion","infernalexp:kinetic_tongue_whip","Kinetic Tongue Whip","131",""
"Kaisa's Endless Adventure's core","kaisascore:bronze_axe","Bronze Axe","256","forge:tools/bronze"
"Kaisa's Endless Adventure's core","kaisascore:bronze_excavator","Bronze Excavator","256","forge:tools/bronze"
"Kaisa's Endless Adventure's core","kaisascore:bronze_hoe","Bronze Hoe","256","forge:tools/bronze"
"Kaisa's Endless Adventure's core","kaisascore:bronze_pickaxe","Bronze Pickaxe","256","forge:tools/bronze"
"Kaisa's Endless Adventure's core","kaisascore:bronze_shovel","Bronze Shovel","256","forge:tools/bronze"
"Kaisa's Endless Adventure's core","kaisascore:bronze_sledgehammer","Bronze Sledgehammer","256","forge:tools/bronze"
"Kaisa's Endless Adventure's core","kaisascore:bronze_sword","Bronze Sword","256","forge:tools/bronze"
"Kaisa's Endless Adventure's core","kaisascore:copper_axe","Copper Axe","128","forge:tools/copper"
"Kaisa's Endless Adventure's core","kaisascore:copper_excavator","Copper Excavator","128","forge:tools/copper"
"Kaisa's Endless Adventure's core","kaisascore:copper_hoe","Copper Hoe","128","forge:tools/copper"
"Kaisa's Endless Adventure's core","kaisascore:copper_pickaxe","Copper Pickaxe","128","forge:tools/copper"
"Kaisa's Endless Adventure's core","kaisascore:copper_shovel","Copper Shovel","128","forge:tools/copper"
"Kaisa's Endless Adventure's core","kaisascore:copper_sledgehammer","Copper Sledgehammer","128","forge:tools/copper"
"Kaisa's Endless Adventure's core","kaisascore:copper_sword","Copper Sword","128","forge:tools/copper"
"Kaisa's Endless Adventure's core","kaisascore:electrum_axe","Electrum Axe","1024","forge:tools/electrum"
"Kaisa's Endless Adventure's core","kaisascore:electrum_excavator","Electrum Excavator","1024","forge:tools/electrum"
"Kaisa's Endless Adventure's core","kaisascore:electrum_hoe","Electrum Hoe","1024","forge:tools/electrum"
"Kaisa's Endless Adventure's core","kaisascore:electrum_pickaxe","Electrum Pickaxe","1024","forge:tools/electrum"
"Kaisa's Endless Adventure's core","kaisascore:electrum_shovel","Electrum Shovel","1024","forge:tools/electrum"
"Kaisa's Endless Adventure's core","kaisascore:electrum_sledgehammer","Electrum Sledgehammer","1024","forge:tools/electrum"
"Kaisa's Endless Adventure's core","kaisascore:electrum_sword","Electrum Sword","1024","forge:tools/electrum"
"Kaisa's Endless Adventure's core","kaisascore:flint_axe","Flint Axe","64",""
"Kaisa's Endless Adventure's core","kaisascore:flint_pick","Flint Pick","64",""
"Kaisa's Endless Adventure's core","kaisascore:iron_axe","Iron Axe","256","forge:tools/iron"
"Kaisa's Endless Adventure's core","kaisascore:iron_excavator","Iron Excavator","256","forge:tools/iron"
"Kaisa's Endless Adventure's core","kaisascore:iron_hoe","Iron Hoe","256","forge:tools/iron"
"Kaisa's Endless Adventure's core","kaisascore:iron_pickaxe","Iron Pickaxe","256","forge:tools/iron"
"Kaisa's Endless Adventure's core","kaisascore:iron_shovel","Iron Shovel","256","forge:tools/iron"
"Kaisa's Endless Adventure's core","kaisascore:iron_sledgehammer","Iron Sledgehammer","256","forge:tools/iron"
"Kaisa's Endless Adventure's core","kaisascore:iron_sword","Iron Sword","256","forge:tools/iron"
"Kaisa's Endless Adventure's core","kaisascore:lead_axe","Lead Axe","256","forge:tools/lead"
"Kaisa's Endless Adventure's core","kaisascore:lead_excavator","Lead Excavator","256","forge:tools/lead"
"Kaisa's Endless Adventure's core","kaisascore:lead_hoe","Lead Hoe","256","forge:tools/lead"
"Kaisa's Endless Adventure's core","kaisascore:lead_pickaxe","Lead Pickaxe","256","forge:tools/lead"
"Kaisa's Endless Adventure's core","kaisascore:lead_shovel","Lead Shovel","256","forge:tools/lead"
"Kaisa's Endless Adventure's core","kaisascore:lead_sledgehammer","Lead Sledgehammer","256","forge:tools/lead"
"Kaisa's Endless Adventure's core","kaisascore:lead_sword","Lead Sword","256","forge:tools/lead"
"Kaisa's Endless Adventure's core","kaisascore:nickel_axe","Nickel Axe","384","forge:tools/nickel"
"Kaisa's Endless Adventure's core","kaisascore:nickel_excavator","Nickel Excavator","384","forge:tools/nickel"
"Kaisa's Endless Adventure's core","kaisascore:nickel_hoe","Nickel Hoe","384","forge:tools/nickel"
"Kaisa's Endless Adventure's core","kaisascore:nickel_pickaxe","Nickel Pickaxe","384","forge:tools/nickel"
"Kaisa's Endless Adventure's core","kaisascore:nickel_shovel","Nickel Shovel","384","forge:tools/nickel"
"Kaisa's Endless Adventure's core","kaisascore:nickel_sledgehammer","Nickel Sledgehammer","384","forge:tools/nickel"
"Kaisa's Endless Adventure's core","kaisascore:nickel_sword","Nickel Sword","384","forge:tools/nickel"
"Kaisa's Endless Adventure's core","kaisascore:obsidian_axe","Obsidian Axe","64","forge:tools/obsidian"
"Kaisa's Endless Adventure's core","kaisascore:obsidian_excavator","Obsidian Excavator","64","forge:tools/obsidian"
"Kaisa's Endless Adventure's core","kaisascore:obsidian_hoe","Obsidian Hoe","64","forge:tools/obsidian"
"Kaisa's Endless Adventure's core","kaisascore:obsidian_pickaxe","Obsidian Pickaxe","64","forge:tools/obsidian"
"Kaisa's Endless Adventure's core","kaisascore:obsidian_shovel","Obsidian Shovel","64","forge:tools/obsidian"
"Kaisa's Endless Adventure's core","kaisascore:obsidian_sledgehammer","Obsidian Sledgehammer","64","forge:tools/obsidian"
"Kaisa's Endless Adventure's core","kaisascore:obsidian_sword","Obsidian Sword","64","forge:tools/obsidian"
"Kaisa's Endless Adventure's core","kaisascore:platinum_axe","Platinum Axe","1536","forge:tools/platinum"
"Kaisa's Endless Adventure's core","kaisascore:platinum_excavator","Platinum Excavator","1536","forge:tools/platinum"
"Kaisa's Endless Adventure's core","kaisascore:platinum_hoe","Platinum Hoe","1536","forge:tools/platinum"
"Kaisa's Endless Adventure's core","kaisascore:platinum_pickaxe","Platinum Pickaxe","1536","forge:tools/platinum"
"Kaisa's Endless Adventure's core","kaisascore:platinum_shovel","Platinum Shovel","1536","forge:tools/platinum"
"Kaisa's Endless Adventure's core","kaisascore:platinum_sledgehammer","Platinum Sledgehammer","1536","forge:tools/platinum"
"Kaisa's Endless Adventure's core","kaisascore:platinum_sword","Platinum Sword","1536","forge:tools/platinum"
"Kaisa's Endless Adventure's core","kaisascore:steel_axe","Steel Axe","512","forge:tools/steel"
"Kaisa's Endless Adventure's core","kaisascore:steel_excavator","Steel Excavator","512","forge:tools/steel"
"Kaisa's Endless Adventure's core","kaisascore:steel_hoe","Steel Hoe","512","forge:tools/steel"
"Kaisa's Endless Adventure's core","kaisascore:steel_pickaxe","Steel Pickaxe","512","forge:tools/steel"
"Kaisa's Endless Adventure's core","kaisascore:steel_shovel","Steel Shovel","512","forge:tools/steel"
"Kaisa's Endless Adventure's core","kaisascore:steel_sledgehammer","Steel Sledgehammer","512","forge:tools/steel"
"Kaisa's Endless Adventure's core","kaisascore:steel_sword","Steel Sword","512","forge:tools/steel"
"Kaisa's Endless Adventure's core","kaisascore:tin_axe","Tin Axe","16","forge:tools/tin"
"Kaisa's Endless Adventure's core","kaisascore:tin_excavator","Tin Excavator","16","forge:tools/tin"
"Kaisa's Endless Adventure's core","kaisascore:tin_hoe","Tin Hoe","16","forge:tools/tin"
"Kaisa's Endless Adventure's core","kaisascore:tin_pickaxe","Tin Pickaxe","16","forge:tools/tin"
"Kaisa's Endless Adventure's core","kaisascore:tin_shovel","Tin Shovel","16","forge:tools/tin"
"Kaisa's Endless Adventure's core","kaisascore:tin_sledgehammer","Tin Sledgehammer","16","forge:tools/tin"
"Kaisa's Endless Adventure's core","kaisascore:tin_sword","Tin Sword","16","forge:tools/tin"
"Kaisa's Endless Adventure's core","kaisascore:titanium_axe","Titanium Axe","3072","forge:tools/titanium"
"Kaisa's Endless Adventure's core","kaisascore:titanium_excavator","Titanium Excavator","3072","forge:tools/titanium"
"Kaisa's Endless Adventure's core","kaisascore:titanium_hoe","Titanium Hoe","3072","forge:tools/titanium"
"Kaisa's Endless Adventure's core","kaisascore:titanium_pickaxe","Titanium Pickaxe","3072","forge:tools/titanium"
"Kaisa's Endless Adventure's core","kaisascore:titanium_shovel","Titanium Shovel","3072","forge:tools/titanium"
"Kaisa's Endless Adventure's core","kaisascore:titanium_sledgehammer","Titanium Sledgehammer","3072","forge:tools/titanium"
"Kaisa's Endless Adventure's core","kaisascore:titanium_sword","Titanium Sword","3072","forge:tools/titanium"
"Mace Port","mace_port:mace","Mace","250",""
"Minecraft","minecraft:bow","Bow","384","bookshelf:bows, forge:tools/bows, companion:charged_ranged_weapon, 1_splatus:spellbound/weapon, forge:bows, forge:tools, 1_splatus:spellbound/ranged"
"Minecraft","minecraft:carrot_on_a_stick","Carrot on a Stick","25",""
"Minecraft","minecraft:chainmail_boots","Chainmail Boots","195","gothic:weak_boots, forge:armors, bookshelf:armor, forge:armor, forge:armors/boots, bookshelf:boots, forge:boots"
"Minecraft","minecraft:chainmail_chestplate","Chainmail Chestplate","240","forge:armors/chestplates, forge:armors, bookshelf:armor, forge:armor, bookshelf:chestplates, forge:chestplates, gothic:weak_chestplates"
"Minecraft","minecraft:chainmail_helmet","Chainmail Helmet","165","forge:armors, bookshelf:armor, forge:helmets, gothic:weak_helmets, forge:armor, forge:armors/helmets, bookshelf:helmets"
"Minecraft","minecraft:chainmail_leggings","Chainmail Leggings","225","forge:armors, bookshelf:armor, bookshelf:leggings, forge:armor, forge:armors/leggings, forge:leggings, gothic:weak_leggings"
"Minecraft","minecraft:crossbow","Crossbow","465","bookshelf:crossbows, forge:tools/crossbows, forge:crossbows, 1_splatus:spellbound/weapon, forge:tools, 1_splatus:spellbound/ranged, companion:ranged_weapon"
"Minecraft","minecraft:diamond_axe","Diamond Axe","1561","forge:tools/diamond, forge:axes, forge:tools, forge:tools/axes, bookshelf:axes"
"Minecraft","minecraft:diamond_boots","Diamond Boots","429","forge:boots, forge:armor/diamond, bookshelf:armor, forge:armor, forge:armors/boots, bookshelf:boots, forge:armors"
"Minecraft","minecraft:diamond_chestplate","Diamond Chestplate","528","forge:armors, forge:armor/diamond, bookshelf:armor, forge:armor, bookshelf:chestplates, forge:armors/chestplates, forge:chestplates"
"Minecraft","minecraft:diamond_helmet","Diamond Helmet","363","forge:armors, forge:armor/diamond, bookshelf:armor, forge:helmets, forge:armor, forge:armors/helmets, bookshelf:helmets"
"Minecraft","minecraft:diamond_hoe","Diamond Hoe","1561","quark:big_harvesting_hoes, bookshelf:hoes, forge:hoes, forge:tools/diamond, forge:tools, forge:tools/hoes"
"Minecraft","minecraft:diamond_leggings","Diamond Leggings","495","forge:armors, forge:armor/diamond, bookshelf:armor, bookshelf:leggings, forge:armor, forge:armors/leggings, forge:leggings"
"Minecraft","minecraft:diamond_pickaxe","[REMOVED] Diamond Pickaxe","1561","bookshelf:pickaxes, forge:pickaxes, forge:tools/diamond, forge:tools, minecraft:cluster_max_harvestables, forge:tools/pickaxes"
"Minecraft","minecraft:diamond_shovel","Diamond Shovel","1561","forge:tools/diamond, forge:tools, bookshelf:shovels, forge:shovels, forge:tools/shovels"
"Minecraft","minecraft:diamond_sword","Diamond Sword","1561","forge:tools/swords, 1_splatus:spellbound/unlocks/moonlight_edge, 1_splatus:spellbound/weapon, forge:tools, bookshelf:swords, forge:tools/diamond, forge:swords"
"Minecraft","minecraft:elytra","Elytra","432","forge:armor, forge:chestplates, bookshelf:armor, bookshelf:chestplates"
"Minecraft","minecraft:fishing_rod","Fishing Rod","64","forge:tools/fishing_rods, bookshelf:fishing_rods, forge:fishing_rods, forge:tools, 1_splatus:spellbound/weapon, 1_splatus:spellbound/ranged"
"Minecraft","minecraft:flint_and_steel","Flint and Steel","64","supplementaries:fire_sources"
"Minecraft","minecraft:golden_axe","Golden Axe","32","tarotcards:golden, forge:tools/gold, bookshelf:axes, forge:tools/axes, forge:axes, forge:tools, minecraft:piglin_loved"
"Minecraft","minecraft:golden_boots","Golden Boots","91","gothic:weak_boots, minecraft:piglin_loved, bookshelf:boots, forge:boots, forge:armors, tarotcards:golden, bookshelf:armor, forge:armor, forge:armors/boots, forge:armor/gold"
"Minecraft","minecraft:golden_chestplate","Golden Chestplate","112","minecraft:piglin_loved, forge:armors/chestplates, forge:armors, tarotcards:golden, bookshelf:armor, gothic:weak_chestplates, bookshelf:chestplates, forge:armor, forge:chestplates, forge:armor/gold"
"Minecraft","minecraft:golden_helmet","Golden Helmet","77","gothic:weak_helmets, bookshelf:helmets, minecraft:piglin_loved, forge:armors/helmets, forge:helmets, forge:armors, tarotcards:golden, bookshelf:armor, forge:armor, forge:armor/gold"
"Minecraft","minecraft:golden_hoe","Golden Hoe","32","tarotcards:golden, forge:tools/gold, bookshelf:hoes, forge:tools/hoes, forge:tools, forge:hoes, minecraft:piglin_loved"
"Minecraft","minecraft:golden_leggings","Golden Leggings","105","minecraft:piglin_loved, forge:armors, tarotcards:golden, bookshelf:armor, forge:armors/leggings, forge:armor, gothic:weak_leggings, bookshelf:leggings, forge:armor/gold, forge:leggings"
"Minecraft","minecraft:golden_pickaxe","[REMOVED] Golden Pickaxe","32","forge:tools/pickaxes, tarotcards:golden, forge:pickaxes, forge:tools/gold, minecraft:piglin_loved, minecraft:cluster_max_harvestables, bookshelf:pickaxes, forge:tools"
"Minecraft","minecraft:golden_shovel","Golden Shovel","32","tarotcards:golden, forge:tools/gold, forge:tools/shovels, forge:tools, bookshelf:shovels, minecraft:piglin_loved, forge:shovels"
"Minecraft","minecraft:golden_sword","Golden Sword","32","forge:tools/swords, tarotcards:golden, forge:swords, forge:tools/gold, minecraft:piglin_loved, 1_splatus:spellbound/unlocks/golden_sea_blade, bookshelf:swords, forge:tools"
"Minecraft","minecraft:iron_axe","Iron Axe","250","forge:tools/axes, bookshelf:axes, forge:tools, 1_splatus:spellbound/weapon, forge:axes, forge:tools/iron"
"Minecraft","minecraft:iron_boots","Iron Boots","195","forge:armor/iron, bookshelf:boots, forge:armors/boots, bookshelf:armor, forge:armors, forge:boots, forge:armor, gothic:weak_boots"
"Minecraft","minecraft:iron_chestplate","Iron Chestplate","240","gothic:weak_chestplates, forge:armor/iron, bookshelf:armor, forge:armors, bookshelf:chestplates, forge:armors/chestplates, forge:armor, forge:chestplates"
"Minecraft","minecraft:iron_helmet","Iron Helmet","165","forge:armor/iron, forge:helmets, bookshelf:armor, forge:armors, gothic:weak_helmets, forge:armor, bookshelf:helmets, forge:armors/helmets"
"Minecraft","minecraft:iron_hoe","Iron Hoe","250","bookshelf:hoes, forge:hoes, forge:tools, forge:tools/hoes, forge:tools/iron"
"Minecraft","minecraft:iron_leggings","Iron Leggings","225","forge:leggings, forge:armor/iron, forge:armors/leggings, bookshelf:armor, forge:armors, gothic:weak_leggings, bookshelf:leggings, forge:armor"
"Minecraft","minecraft:iron_pickaxe","[REMOVED] Iron Pickaxe","250","bookshelf:pickaxes, forge:pickaxes, forge:tools, minecraft:cluster_max_harvestables, forge:tools/iron, forge:tools/pickaxes"
"Minecraft","minecraft:iron_shovel","Iron Shovel","250","forge:tools/shovels, bookshelf:shovels, forge:shovels, forge:tools, 1_splatus:spellbound/weapon, forge:tools/iron"
"Minecraft","minecraft:iron_sword","Iron Sword","500","forge:tools/swords, bookshelf:swords, forge:swords, forge:tools, 1_splatus:spellbound/weapon, forge:tools/iron"
"Minecraft","minecraft:leather_boots","Leather Boots","65","bookshelf:boots, forge:armors/boots, bookshelf:armor, forge:armors, forge:boots, minecraft:freeze_immune_wearables, forge:armor, gothic:weak_boots"
"Minecraft","minecraft:leather_chestplate","Leather Tunic","80","gothic:weak_chestplates, bookshelf:armor, forge:armors, bookshelf:chestplates, forge:armors/chestplates, minecraft:freeze_immune_wearables, forge:armor, forge:chestplates"
"Minecraft","minecraft:leather_helmet","Leather Cap","55","forge:helmets, bookshelf:armor, forge:armors, gothic:weak_helmets, minecraft:freeze_immune_wearables, forge:armor, bookshelf:helmets, forge:armors/helmets"
"Minecraft","minecraft:leather_leggings","Leather Pants","75","forge:leggings, forge:armors/leggings, bookshelf:armor, forge:armors, gothic:weak_leggings, bookshelf:leggings, minecraft:freeze_immune_wearables, forge:armor"
"Minecraft","minecraft:netherite_axe","Netherite Axe","2031","forge:tools/netherite, forge:axes, forge:tools, forge:tools/axes, bookshelf:axes"
"Minecraft","minecraft:netherite_boots","Netherite Boots","481","gothic:strong_boots, bookshelf:boots, forge:armors/boots, bookshelf:armor, forge:armors, forge:armor/netherite, forge:boots, forge:armor"
"Minecraft","minecraft:netherite_chestplate","Netherite Chestplate","592","gothic:strong_chestplates, bookshelf:armor, forge:armors, bookshelf:chestplates, forge:armors/chestplates, forge:armor/netherite, forge:armor, forge:chestplates"
"Minecraft","minecraft:netherite_helmet","Netherite Helmet","407","forge:helmets, bookshelf:armor, forge:armors, forge:armor/netherite, gothic:strong_helmets, forge:armor, bookshelf:helmets, forge:armors/helmets"
"Minecraft","minecraft:netherite_hoe","Netherite Hoe","2031","quark:big_harvesting_hoes, bookshelf:hoes, forge:hoes, forge:tools, forge:tools/netherite, forge:tools/hoes"
"Minecraft","minecraft:netherite_leggings","Netherite Leggings","555","forge:leggings, forge:armors/leggings, bookshelf:armor, forge:armors, gothic:strong_leggings, forge:armor/netherite, bookshelf:leggings, forge:armor"
"Minecraft","minecraft:netherite_pickaxe","[REMOVED] Netherite Pickaxe","2031","bookshelf:pickaxes, forge:pickaxes, forge:tools, minecraft:cluster_max_harvestables, forge:tools/netherite, forge:tools/pickaxes"
"Minecraft","minecraft:netherite_shovel","Netherite Shovel","2031","forge:tools/netherite, forge:tools, bookshelf:shovels, forge:shovels, forge:tools/shovels"
"Minecraft","minecraft:netherite_sword","Netherite Sword","2031","forge:swords, forge:tools, bookshelf:swords, forge:tools/swords, forge:tools/netherite"
"Minecraft","minecraft:shears","Shears","238","forge:tools/iron, bookshelf:shears, forge:shears"
"Minecraft","minecraft:shield","Shield","336","forge:shields, forge:tools/shields, forge:tools, farmersdelight:offhand_equipment, bookshelf:shields"
"Minecraft","minecraft:stone_axe","Stone Axe","131","forge:axes, 1_splatus:spellbound/weapon, forge:tools, forge:tools/axes, bookshelf:axes"
"Minecraft","minecraft:stone_hoe","Stone Hoe","131","forge:hoes, bookshelf:hoes, forge:tools, forge:tools/hoes"
"Minecraft","minecraft:stone_pickaxe","[REMOVED] Stone Pickaxe","131","forge:tools/pickaxes, forge:pickaxes, forge:tools, minecraft:cluster_max_harvestables, bookshelf:pickaxes"
"Minecraft","minecraft:stone_shovel","Stone Shovel","131","forge:shovels, bookshelf:shovels, forge:tools/shovels, forge:tools"
"Minecraft","minecraft:stone_sword","Stone Sword","131","forge:swords, 1_splatus:spellbound/weapon, forge:tools, bookshelf:swords, forge:tools/swords"
"Minecraft","minecraft:trident","Trident","250","supplementaries:pedestal_downright, farmersdelight:flat_on_cutting_board, forge:tools, companion:charged_ranged_weapon, forge:tools/tridents"
"Minecraft","minecraft:turtle_helmet","Turtle Shell","275","bookshelf:helmets, forge:armors/helmets, forge:helmets, bookshelf:armor, forge:armors, forge:armor"
"Minecraft","minecraft:warped_fungus_on_a_stick","Warped Fungus on a Stick","100","autumnity:snail_tempt_items"
"Minecraft","minecraft:wooden_axe","Wooden Axe","59","forge:axes, bookshelf:axes, forge:tools, forge:tools/axes"
"Minecraft","minecraft:wooden_hoe","Wooden Hoe","59","forge:hoes, bookshelf:hoes, forge:tools, forge:tools/hoes"
"Minecraft","minecraft:wooden_pickaxe","[REMOVED] Wooden Pickaxe","59","forge:tools/pickaxes, forge:pickaxes, forge:tools, minecraft:cluster_max_harvestables, bookshelf:pickaxes"
"Minecraft","minecraft:wooden_shovel","Wooden Shovel","59","forge:shovels, bookshelf:shovels, forge:tools/shovels, forge:tools"
"Minecraft","minecraft:wooden_sword","Wooden Sword","59","forge:tools/swords, supplementaries:pedestal_upright, bookshelf:swords, supplementaries:statue_swords, forge:tools, forge:swords"
"Mowzie's Mobs","mowziesmobs:blowgun","Blowgun","300",""
"Mowzie's Mobs","mowziesmobs:earthbore_gauntlet","Earthbore Gauntlet","400",""
"Mowzie's Mobs","mowziesmobs:ice_crystal","Ice Crystal","600",""
"Mowzie's Mobs","mowziesmobs:naga_fang_dagger","Naga Fang Dagger","131",""
"Mowzie's Mobs","mowziesmobs:spear","Spear","131",""
"Mowzie's Mobs","mowziesmobs:umvuthana_mask_bliss","Mask of Bliss","55",""
"Mowzie's Mobs","mowziesmobs:umvuthana_mask_faith","Mask of Faith","55",""
"Mowzie's Mobs","mowziesmobs:umvuthana_mask_fear","Mask of Fear","55",""
"Mowzie's Mobs","mowziesmobs:umvuthana_mask_fury","Mask of Fury","55",""
"Mowzie's Mobs","mowziesmobs:umvuthana_mask_misery","Mask of Misery","55",""
"Mowzie's Mobs","mowziesmobs:umvuthana_mask_rage","Mask of Rage","55",""
"Nyf's Quiver","nyfsquiver:basic_quiver","Quiver","576","curios:quiver"
"Nyf's Quiver","nyfsquiver:copper_quiver","Copper Quiver","896","curios:quiver"
"Nyf's Quiver","nyfsquiver:diamond_quiver","Diamond Quiver","2304","curios:quiver"
"Nyf's Quiver","nyfsquiver:gold_quiver","Gold Quiver","1728","curios:quiver"
"Nyf's Quiver","nyfsquiver:iron_quiver","Iron Quiver","1152","curios:quiver"
"Nyf's Quiver","nyfsquiver:netherite_quiver","Netherite Quiver","2880","curios:quiver"
"Quark","quark:echorang","Echorang","2000","forge:tools"
"Quark","quark:flamerang","Flamarang","1040","forge:tools, minecraft:cluster_max_harvestables"
"Quark","quark:forgotten_hat","Forgotten Hat","55","forge:armors, forge:armors/helmets"
"Quark","quark:pickarang","Pickarang","800","forge:tools, minecraft:cluster_max_harvestables"
"Realm RPG: Creep & Crop","realmrpg_creep:pumpkin_armor_boots","Pumpkin Boots","260","realmrpg_creep:pumpkin_armor_pieces"
"Realm RPG: Creep & Crop","realmrpg_creep:pumpkin_armor_chestplate","Pumpkin Chestplate","320","realmrpg_creep:pumpkin_armor_pieces"
"Realm RPG: Creep & Crop","realmrpg_creep:pumpkin_armor_helmet","Pumpkin Helmet","220","realmrpg_creep:pumpkin_armor_pieces"
"Realm RPG: Creep & Crop","realmrpg_creep:pumpkin_armor_leggings","Pumpkin Leggings","300","realmrpg_creep:pumpkin_armor_pieces"
"Realm RPG: Creep & Crop","realmrpg_creep:pumpkin_axe","Pumpkin Axe","201",""
"Realm RPG: Creep & Crop","realmrpg_creep:pumpkin_hoe","Pumpkin Hoe","201",""
"Realm RPG: Creep & Crop","realmrpg_creep:pumpkin_pickaxe","Pumpkin Pickaxe","201",""
"Realm RPG: Creep & Crop","realmrpg_creep:pumpkin_shovel","Pumpkin Shovel","201",""
"Realm RPG: Creep & Crop","realmrpg_creep:pumpkin_sword","Pumpkin Sword","201",""
"Savage & Ravage","savage_and_ravage:cleaver_of_beheading","Cleaver of Beheading","459",""
"Savage & Ravage","savage_and_ravage:conch_of_conjuring","Conch of Conjuring","375",""
"Savage & Ravage","savage_and_ravage:griefer_boots","Griefer Boots","195","minecraft:piglin_loved, savage_and_ravage:explosion_immune"
"Savage & Ravage","savage_and_ravage:griefer_chestplate","Griefer Chestplate","240","minecraft:piglin_loved, savage_and_ravage:explosion_immune"
"Savage & Ravage","savage_and_ravage:griefer_helmet","Griefer Helmet","165","minecraft:piglin_loved, savage_and_ravage:explosion_immune"
"Savage & Ravage","savage_and_ravage:griefer_leggings","Griefer Leggings","225","minecraft:piglin_loved, savage_and_ravage:explosion_immune"
"Savage & Ravage","savage_and_ravage:mask_of_dishonesty","Mask of Dishonesty","55",""
"Savage & Ravage","savage_and_ravage:wand_of_freezing","Wand of Freezing","250",""
"Simply Swords","simplyswords:arcanethyst","Arcanethyst","3270","simplyswords:swords, simplyswords:uniques, c:swords"
"Simply Swords","simplyswords:awakened_lichblade","Awakened Lichblade","3270","simplyswords:swords, simplyswords:uniques, c:swords"
"Simply Swords","simplyswords:bramblethorn","Bramblethorn","59","simplyswords:swords, simplyswords:uniques, c:swords"
"Simply Swords","simplyswords:brimstone_claymore","Brimstone Claymore","3270","simplyswords:swords, simplyswords:uniques, c:swords"
"Simply Swords","simplyswords:diamond_chakram","Diamond Chakram","1561","simplyswords:swords, simplyswords:diamond_gear, c:swords"
"Simply Swords","simplyswords:diamond_claymore","Diamond Claymore","1561","simplyswords:swords, simplyswords:diamond_gear, c:swords"
"Simply Swords","simplyswords:diamond_cutlass","Diamond Cutlass","1561","simplyswords:swords, simplyswords:diamond_gear, c:swords"
"Simply Swords","simplyswords:diamond_glaive","Diamond Glaive","1561","simplyswords:swords, simplyswords:diamond_gear, c:swords"
"Simply Swords","simplyswords:diamond_greataxe","Diamond Greataxe","1561","simplyswords:swords, simplyswords:diamond_gear, c:swords"
"Simply Swords","simplyswords:diamond_greathammer","Diamond Greathammer","1561","simplyswords:swords, simplyswords:diamond_gear, c:swords"
"Simply Swords","simplyswords:diamond_halberd","Diamond Halberd","1561","simplyswords:swords, simplyswords:diamond_gear, c:swords"
"Simply Swords","simplyswords:diamond_katana","Diamond Katana","1561","simplyswords:swords, simplyswords:diamond_gear, c:swords"
"Simply Swords","simplyswords:diamond_longsword","Diamond Longsword","1561","simplyswords:swords, simplyswords:diamond_gear, c:swords"
"Simply Swords","simplyswords:diamond_rapier","Diamond Rapier","1561","simplyswords:swords, simplyswords:diamond_gear, c:swords"
"Simply Swords","simplyswords:diamond_sai","Diamond Sai","1561","simplyswords:swords, simplyswords:diamond_gear, c:swords"
"Simply Swords","simplyswords:diamond_scythe","Diamond Scythe","1561","simplyswords:swords, simplyswords:diamond_gear, c:swords"
"Simply Swords","simplyswords:diamond_spear","Diamond Spear","1561","simplyswords:swords, simplyswords:diamond_gear, c:swords"
"Simply Swords","simplyswords:diamond_twinblade","Diamond Twinblade","1561","simplyswords:swords, simplyswords:diamond_gear, c:swords"
"Simply Swords","simplyswords:diamond_warglaive","Diamond Warglaive","1561","simplyswords:swords, simplyswords:diamond_gear, c:swords"
"Simply Swords","simplyswords:dormant_relic","Dormant Relic","3270","simplyswords:swords, simplyswords:uniques, c:swords"
"Simply Swords","simplyswords:emberblade","Emberblade","3270","simplyswords:swords, simplyswords:uniques, c:swords"
"Simply Swords","simplyswords:frostfall","Frostfall","3270","simplyswords:swords, simplyswords:uniques, c:swords"
"Simply Swords","simplyswords:gold_chakram","Gold Chakram","32","simplyswords:gold_gear, simplyswords:swords, c:swords"
"Simply Swords","simplyswords:gold_claymore","Gold Claymore","32","simplyswords:gold_gear, simplyswords:swords, c:swords"
"Simply Swords","simplyswords:gold_cutlass","Gold Cutlass","32","simplyswords:gold_gear, simplyswords:swords, c:swords"
"Simply Swords","simplyswords:gold_glaive","Gold Glaive","32","simplyswords:gold_gear, simplyswords:swords, c:swords"
"Simply Swords","simplyswords:gold_greataxe","Gold Greataxe","32","simplyswords:gold_gear, simplyswords:swords, c:swords"
"Simply Swords","simplyswords:gold_greathammer","Gold Greathammer","32","simplyswords:gold_gear, simplyswords:swords, c:swords"
"Simply Swords","simplyswords:gold_halberd","Gold Halberd","32","simplyswords:gold_gear, simplyswords:swords, c:swords"
"Simply Swords","simplyswords:gold_katana","Gold Katana","32","simplyswords:gold_gear, simplyswords:swords, c:swords"
"Simply Swords","simplyswords:gold_longsword","Gold Longsword","32","simplyswords:gold_gear, simplyswords:swords, c:swords"
"Simply Swords","simplyswords:gold_rapier","Gold Rapier","32","simplyswords:gold_gear, simplyswords:swords, c:swords"
"Simply Swords","simplyswords:gold_sai","Gold Sai","32","simplyswords:gold_gear, simplyswords:swords, c:swords"
"Simply Swords","simplyswords:gold_scythe","Gold Scythe","32","simplyswords:gold_gear, simplyswords:swords, c:swords"
"Simply Swords","simplyswords:gold_spear","Gold Spear","32","simplyswords:gold_gear, simplyswords:swords, c:swords"
"Simply Swords","simplyswords:gold_twinblade","Gold Twinblade","32","simplyswords:gold_gear, simplyswords:swords, c:swords"
"Simply Swords","simplyswords:gold_warglaive","Gold Warglaive","32","simplyswords:gold_gear, simplyswords:swords, c:swords"
"Simply Swords","simplyswords:harbinger","Harbinger","3270","simplyswords:swords, simplyswords:uniques, c:swords"
"Simply Swords","simplyswords:hearthflame","Hearthflame","3270","simplyswords:swords, simplyswords:uniques, c:swords"
"Simply Swords","simplyswords:icewhisper","Icewhisper","3270","simplyswords:swords, simplyswords:uniques, c:swords"
"Simply Swords","simplyswords:iron_chakram","Iron Chakram","250","simplyswords:iron_gear, simplyswords:swords, c:swords"
"Simply Swords","simplyswords:iron_claymore","Iron Claymore","250","simplyswords:iron_gear, simplyswords:swords, c:swords"
"Simply Swords","simplyswords:iron_cutlass","Iron Cutlass","250","simplyswords:iron_gear, simplyswords:swords, c:swords"
"Simply Swords","simplyswords:iron_glaive","Iron Glaive","500","simplyswords:iron_gear, simplyswords:swords, c:swords"
"Simply Swords","simplyswords:iron_greataxe","Iron Greataxe","250","simplyswords:iron_gear, simplyswords:swords, c:swords"
"Simply Swords","simplyswords:iron_greathammer","Iron Greathammer","250","simplyswords:iron_gear, simplyswords:swords, c:swords"
"Simply Swords","simplyswords:iron_halberd","Iron Halberd","250","simplyswords:iron_gear, simplyswords:swords, c:swords"
"Simply Swords","simplyswords:iron_katana","Iron Katana","250","simplyswords:iron_gear, simplyswords:swords, c:swords"
"Simply Swords","simplyswords:iron_longsword","Iron Longsword","250","simplyswords:iron_gear, simplyswords:swords, c:swords"
"Simply Swords","simplyswords:iron_rapier","Iron Rapier","250","simplyswords:iron_gear, simplyswords:swords, c:swords"
"Simply Swords","simplyswords:iron_sai","Iron Sai","250","simplyswords:iron_gear, simplyswords:swords, c:swords"
"Simply Swords","simplyswords:iron_scythe","Iron Scythe","250","simplyswords:iron_gear, simplyswords:swords, c:swords"
"Simply Swords","simplyswords:iron_spear","Iron Spear","250","simplyswords:iron_gear, simplyswords:swords, c:swords"
"Simply Swords","simplyswords:iron_twinblade","Iron Twinblade","250","simplyswords:iron_gear, simplyswords:swords, c:swords"
"Simply Swords","simplyswords:iron_warglaive","Iron Warglaive","250","simplyswords:iron_gear, simplyswords:swords, c:swords"
"Simply Swords","simplyswords:livyatan","Livyatan","3270","simplyswords:swords, simplyswords:uniques, c:swords"
"Simply Swords","simplyswords:mjolnir","Mjolnir","3270","simplyswords:swords, simplyswords:uniques, c:swords"
"Simply Swords","simplyswords:molten_edge","Molten Edge","3270","simplyswords:swords, simplyswords:uniques, c:swords"
"Simply Swords","simplyswords:netherite_chakram","Netherite Chakram","2031","simplyswords:swords, simplyswords:netherite_gear, c:swords"
"Simply Swords","simplyswords:netherite_claymore","Netherite Claymore","2031","simplyswords:swords, simplyswords:netherite_gear, c:swords"
"Simply Swords","simplyswords:netherite_cutlass","Netherite Cutlass","2031","simplyswords:swords, simplyswords:netherite_gear, c:swords"
"Simply Swords","simplyswords:netherite_glaive","Netherite Glaive","2031","simplyswords:swords, simplyswords:netherite_gear, c:swords"
"Simply Swords","simplyswords:netherite_greataxe","Netherite Greataxe","2031","simplyswords:swords, simplyswords:netherite_gear, c:swords"
"Simply Swords","simplyswords:netherite_greathammer","Netherite Greathammer","2031","simplyswords:swords, simplyswords:netherite_gear, c:swords"
"Simply Swords","simplyswords:netherite_halberd","Netherite Halberd","2031","simplyswords:swords, simplyswords:netherite_gear, c:swords"
"Simply Swords","simplyswords:netherite_katana","Netherite Katana","2031","simplyswords:swords, simplyswords:netherite_gear, c:swords"
"Simply Swords","simplyswords:netherite_longsword","Netherite Longsword","2031","simplyswords:swords, simplyswords:netherite_gear, c:swords"
"Simply Swords","simplyswords:netherite_rapier","Netherite Rapier","2031","simplyswords:swords, simplyswords:netherite_gear, c:swords"
"Simply Swords","simplyswords:netherite_sai","Netherite Sai","2031","simplyswords:swords, simplyswords:netherite_gear, c:swords"
"Simply Swords","simplyswords:netherite_scythe","Netherite Scythe","2031","simplyswords:swords, simplyswords:netherite_gear, c:swords"
"Simply Swords","simplyswords:netherite_spear","Netherite Spear","2031","simplyswords:swords, simplyswords:netherite_gear, c:swords"
"Simply Swords","simplyswords:netherite_twinblade","Netherite Twinblade","2031","simplyswords:swords, simplyswords:netherite_gear, c:swords"
"Simply Swords","simplyswords:netherite_warglaive","Netherite Warglaive","2031","simplyswords:swords, simplyswords:netherite_gear, c:swords"
"Simply Swords","simplyswords:righteous_relic","Righteous Relic","3270","simplyswords:swords, simplyswords:uniques, c:swords"
"Simply Swords","simplyswords:runic_chakram","Runic Chakram","2031","simplyswords:swords, c:swords, simplyswords:runic_gear"
"Simply Swords","simplyswords:runic_claymore","Runic Claymore","2031","simplyswords:swords, c:swords, simplyswords:runic_gear"
"Simply Swords","simplyswords:runic_cutlass","Runic Cutlass","2031","simplyswords:swords, c:swords, simplyswords:runic_gear"
"Simply Swords","simplyswords:runic_glaive","Runic Glaive","2031","simplyswords:swords, c:swords, simplyswords:runic_gear"
"Simply Swords","simplyswords:runic_greataxe","Runic Greataxe","2031","simplyswords:swords, c:swords, simplyswords:runic_gear"
"Simply Swords","simplyswords:runic_greathammer","Runic Greathammer","2031","simplyswords:swords, c:swords, simplyswords:runic_gear"
"Simply Swords","simplyswords:runic_halberd","Runic Halberd","2031","simplyswords:swords, c:swords, simplyswords:runic_gear"
"Simply Swords","simplyswords:runic_katana","Runic Katana","2031","simplyswords:swords, c:swords, simplyswords:runic_gear"
"Simply Swords","simplyswords:runic_longsword","Runic Longsword","2031","simplyswords:swords, c:swords, simplyswords:runic_gear"
"Simply Swords","simplyswords:runic_rapier","Runic Rapier","2031","simplyswords:swords, c:swords, simplyswords:runic_gear"
"Simply Swords","simplyswords:runic_sai","Runic Sai","2031","simplyswords:swords, c:swords, simplyswords:runic_gear"
"Simply Swords","simplyswords:runic_scythe","Runic Scythe","2031","simplyswords:swords, c:swords, simplyswords:runic_gear"
"Simply Swords","simplyswords:runic_spear","Runic Spear","2031","simplyswords:swords, c:swords, simplyswords:runic_gear"
"Simply Swords","simplyswords:runic_twinblade","Runic Twinblade","2031","simplyswords:swords, c:swords, simplyswords:runic_gear"
"Simply Swords","simplyswords:runic_warglaive","Runic Warglaive","2031","simplyswords:swords, c:swords, simplyswords:runic_gear"
"Simply Swords","simplyswords:shadowsting","Shadowsting","3270","simplyswords:swords, simplyswords:uniques, c:swords"
"Simply Swords","simplyswords:slumbering_lichblade","Slumbering Lichblade","3270","simplyswords:swords, simplyswords:uniques, c:swords"
"Simply Swords","simplyswords:soulkeeper","Soulkeeper","3270","simplyswords:swords, simplyswords:uniques, c:swords"
"Simply Swords","simplyswords:soulpyre","Soul Pyre","3270","simplyswords:swords, simplyswords:uniques, c:swords"
"Simply Swords","simplyswords:soulrender","Soulrender","3270","simplyswords:swords, simplyswords:uniques, c:swords"
"Simply Swords","simplyswords:soulstealer","Soulstealer","3270","simplyswords:swords, simplyswords:uniques, c:swords"
"Simply Swords","simplyswords:stormbringer","Stormbringer","3270","simplyswords:swords, simplyswords:uniques, c:swords"
"Simply Swords","simplyswords:storms_edge","Storm's Edge","3270","simplyswords:swords, simplyswords:uniques, c:swords"
"Simply Swords","simplyswords:sunfire","Sunfire","3270","simplyswords:swords, simplyswords:uniques, c:swords"
"Simply Swords","simplyswords:sword_on_a_stick","Sword on a Stick","59","c:swords, simplyswords:swords"
"Simply Swords","simplyswords:tainted_relic","Tainted Relic","3270","simplyswords:swords, simplyswords:uniques, c:swords"
"Simply Swords","simplyswords:thunderbrand","Thunderbrand","3270","simplyswords:swords, simplyswords:uniques, c:swords"
"Simply Swords","simplyswords:toxic_longsword","Longsword of the Plague","3270","simplyswords:swords, simplyswords:uniques, c:swords"
"Simply Swords","simplyswords:twisted_blade","Twisted Blade","3270","simplyswords:swords, simplyswords:uniques, c:swords"
"Simply Swords","simplyswords:waking_lichblade","Waking Lichblade","3270","simplyswords:swords, simplyswords:uniques, c:swords"
"Simply Swords","simplyswords:watcher_claymore","The Watcher","3270","simplyswords:swords, simplyswords:uniques, c:swords"
"Simply Swords","simplyswords:watching_warglaive","Watching Warglaive","3270","simplyswords:swords, simplyswords:uniques, c:swords"
"Supplementaries","supplementaries:bamboo_spikes_tipped","Tipped Bamboo Spikes","16",""
"Supplementaries","supplementaries:bubble_blower","Bubble Blower","250",""
"Supplementaries","supplementaries:flute","Flute","64",""
"Supplementaries","supplementaries:rope_arrow","Rope Arrow","32","nyfsquiver:quiver_items/arrows, nyfsquiver:quiver_items, minecraft:arrows"
"Supplementaries","supplementaries:slingshot","Slingshot","192",""
"Supplementaries","supplementaries:wrench","Wrench","200","supplementaries:statue_tools, forge:tools/wrench"
"Thermal Series","thermal:beekeeper_boots","Beekeeper's Boots","52",""
"Thermal Series","thermal:beekeeper_chestplate","Beekeeper's Jacket","64",""
"Thermal Series","thermal:beekeeper_helmet","Beekeeper's Hood","44",""
"Thermal Series","thermal:beekeeper_leggings","Beekeeper's Pants","60",""
"Thermal Series","thermal:diving_boots","Diving Flippers","156",""
"Thermal Series","thermal:diving_chestplate","Diving Suit","192",""
"Thermal Series","thermal:diving_helmet","Diving Helmet","132",""
"Thermal Series","thermal:diving_leggings","Diving Leggings","180",""
"Thermal Series","thermal:hazmat_boots","Hazmat Boots","78",""
"Thermal Series","thermal:hazmat_chestplate","Hazmat Suit","96",""
"Thermal Series","thermal:hazmat_helmet","Hazmat Helmet","66",""
"Thermal Series","thermal:hazmat_leggings","Hazmat Pants","90",""
"Tinkers' Construct","tconstruct:broad_axe","Broad Axe","1","tconstruct:modifiable/bonus_slots, tconstruct:modifiable/melee, tconstruct:modifiable/interactable/right, tconstruct:modifiable, tconstruct:modifiable/melee/weapon, tconstruct:modifiable/multipart, tconstruct:modifiable/held, tconstruct:modifiable/harvest, tconstruct:modifiable/melee/primary, tconstruct:modifiable/interactable, tconstruct:modifiable/loot_capable_tool, tconstruct:modifiable/broad, tconstruct:modifiable/durability, tconstruct:modifiable/harvest/primary, parry:excluded_shields, tconstruct:modifiable/aoe"
"Tinkers' Construct","tconstruct:cleaver","Cleaver","1","tconstruct:modifiable/bonus_slots, tconstruct:modifiable/melee, tconstruct:modifiable/interactable/right, tconstruct:modifiable, tconstruct:modifiable/melee/weapon, tconstruct:modifiable/multipart, tconstruct:modifiable/held, tconstruct:modifiable/harvest, tconstruct:modifiable/melee/primary, tconstruct:modifiable/interactable, tconstruct:modifiable/loot_capable_tool, tconstruct:modifiable/broad, tconstruct:modifiable/melee/sword, tconstruct:modifiable/durability, parry:excluded_shields, tconstruct:modifiable/aoe"
"Tinkers' Construct","tconstruct:crossbow","Crossbow","1","tconstruct:modifiable/durability, tconstruct:modifiable/melee, tconstruct:modifiable/ranged, tconstruct:modifiable/melee/weapon, tconstruct:modifiable/interactable/left, parry:excluded_shields, tconstruct:modifiable/interactable, tconstruct:modifiable, tconstruct:modifiable/small, tconstruct:modifiable/ranged/bows, tconstruct:modifiable/ranged/crossbows, tconstruct:modifiable/loot_capable_tool, tconstruct:modifiable/held, tconstruct:modifiable/bonus_slots, tconstruct:modifiable/multipart"
"Tinkers' Construct","tconstruct:dagger","Dagger","1","tconstruct:modifiable/bonus_slots, tconstruct:modifiable/melee, tconstruct:modifiable/interactable/right, tconstruct:modifiable, tconstruct:modifiable/melee/weapon, tconstruct:modifiable/melee/parry, tconstruct:modifiable/multipart, tconstruct:modifiable/held, tconstruct:modifiable/melee/primary, tconstruct:modifiable/harvest, tconstruct:modifiable/unsalvageable, tconstruct:modifiable/small, tconstruct:modifiable/interactable, tconstruct:modifiable/loot_capable_tool, tconstruct:modifiable/durability, parry:excluded_shields"
"Tinkers' Construct","tconstruct:earth_staff","Earthslime Staff","1","tconstruct:modifiable/durability, tconstruct:modifiable/bonus_slots, tconstruct:modifiable/ranged, tconstruct:modifiable/embellishment/wood, tconstruct:modifiable/armor/held, tconstruct:modifiable/interactable/right, tconstruct:modifiable/aoe, tconstruct:modifiable/held, tconstruct:modifiable/dyeable, tconstruct:modifiable/interactable, tconstruct:modifiable/staffs, tconstruct:modifiable/interactable/left, tconstruct:modifiable, parry:excluded_shields, tconstruct:modifiable/special, tconstruct:modifiable/interactable/dual, tconstruct:modifiable/armor"
"Tinkers' Construct","tconstruct:ender_staff","Enderslime Staff","1","tconstruct:modifiable/durability, tconstruct:modifiable/bonus_slots, tconstruct:modifiable/ranged, tconstruct:modifiable/embellishment/wood, tconstruct:modifiable/armor/held, tconstruct:modifiable/interactable/right, tconstruct:modifiable/aoe, tconstruct:modifiable/held, tconstruct:modifiable/dyeable, tconstruct:modifiable/interactable, tconstruct:modifiable/staffs, tconstruct:modifiable/interactable/left, tconstruct:modifiable, parry:excluded_shields, tconstruct:modifiable/special, tconstruct:modifiable/interactable/dual, tconstruct:modifiable/armor"
"Tinkers' Construct","tconstruct:excavator","Excavator","1","tconstruct:modifiable/harvest, tconstruct:modifiable/interactable/right, tconstruct:modifiable/melee, tconstruct:modifiable/broad, tconstruct:modifiable/durability, tconstruct:modifiable/melee/weapon, parry:excluded_shields, tconstruct:modifiable/interactable, tconstruct:modifiable, tconstruct:modifiable/aoe, tconstruct:modifiable/loot_capable_tool, tconstruct:modifiable/held, tconstruct:modifiable/multipart, tconstruct:modifiable/bonus_slots, tconstruct:modifiable/harvest/primary"
"Tinkers' Construct","tconstruct:flint_and_brick","Flint and Brick","1","parry:excluded_shields, tconstruct:modifiable, tconstruct:modifiable/aoe, tconstruct:modifiable/loot_capable_tool, tconstruct:modifiable/durability, tconstruct:modifiable/melee/weapon, tconstruct:modifiable/small, tconstruct:modifiable/interactable, tconstruct:modifiable/bonus_slots, tconstruct:modifiable/held, tconstruct:modifiable/interactable/right, tconstruct:modifiable/melee"
"Tinkers' Construct","tconstruct:hand_axe","Hand Axe","1","tconstruct:modifiable/bonus_slots, tconstruct:modifiable/melee, tconstruct:modifiable/interactable/right, tconstruct:modifiable, tconstruct:modifiable/melee/weapon, tconstruct:modifiable/multipart, tconstruct:modifiable/held, tconstruct:modifiable/harvest, tconstruct:modifiable/melee/primary, tconstruct:modifiable/small, tconstruct:modifiable/interactable, tconstruct:modifiable/loot_capable_tool, tconstruct:modifiable/durability, tconstruct:modifiable/harvest/primary, parry:excluded_shields, tconstruct:modifiable/aoe"
"Tinkers' Construct","tconstruct:ichor_staff","Ichor Staff","1","tconstruct:modifiable/durability, tconstruct:modifiable/bonus_slots, tconstruct:modifiable/ranged, tconstruct:modifiable/embellishment/wood, tconstruct:modifiable/armor/held, tconstruct:modifiable/interactable/right, tconstruct:modifiable/aoe, tconstruct:modifiable/held, tconstruct:modifiable/dyeable, tconstruct:modifiable/interactable, tconstruct:modifiable/staffs, tconstruct:modifiable/interactable/left, tconstruct:modifiable, parry:excluded_shields, tconstruct:modifiable/special, tconstruct:modifiable/interactable/dual, tconstruct:modifiable/armor"
"Tinkers' Construct","tconstruct:kama","Kama","1","tconstruct:modifiable/melee, tconstruct:modifiable/small, forge:shears, tconstruct:modifiable/melee/weapon, tconstruct:modifiable/aoe, tconstruct:modifiable/harvest, tconstruct:modifiable/loot_capable_tool, tconstruct:modifiable/multipart, bookshelf:shears, tconstruct:modifiable/interactable, tconstruct:modifiable/bonus_slots, tconstruct:modifiable/harvest/primary, tconstruct:modifiable, parry:excluded_shields, tconstruct:modifiable/durability, forge:tools/scythe, tconstruct:modifiable/held, tconstruct:modifiable/interactable/right"
"Tinkers' Construct","tconstruct:longbow","Longbow","1","tconstruct:modifiable/durability, tconstruct:modifiable/melee, tconstruct:modifiable/broad, tconstruct:modifiable/ranged, tconstruct:modifiable/melee/weapon, tconstruct:modifiable/interactable/left, parry:excluded_shields, tconstruct:modifiable/interactable, tconstruct:modifiable, tconstruct:modifiable/ranged/bows, tconstruct:modifiable/ranged/longbows, tconstruct:modifiable/loot_capable_tool, tconstruct:modifiable/held, tconstruct:modifiable/bonus_slots, tconstruct:modifiable/multipart"
"Tinkers' Construct","tconstruct:mattock","Mattock","1","tconstruct:modifiable/harvest, tconstruct:modifiable/interactable/right, tconstruct:modifiable/melee, tconstruct:modifiable/durability, tconstruct:modifiable/melee/weapon, parry:excluded_shields, tconstruct:modifiable/interactable, tconstruct:modifiable, tconstruct:modifiable/aoe, tconstruct:modifiable/small, tconstruct:modifiable/loot_capable_tool, tconstruct:modifiable/held, tconstruct:modifiable/multipart, tconstruct:modifiable/bonus_slots, tconstruct:modifiable/harvest/primary"
"Tinkers' Construct","tconstruct:pickadze","Pickadze","1","tconstruct:modifiable/bonus_slots, tconstruct:modifiable/melee, tconstruct:modifiable/interactable/right, tconstruct:modifiable, tconstruct:modifiable/melee/weapon, tconstruct:modifiable/multipart, tconstruct:modifiable/held, tconstruct:modifiable/harvest, tconstruct:modifiable/small, tconstruct:modifiable/interactable, tconstruct:modifiable/loot_capable_tool, tconstruct:modifiable/durability, tconstruct:modifiable/harvest/stone, tconstruct:modifiable/harvest/primary, parry:excluded_shields, tconstruct:modifiable/aoe"
"Tinkers' Construct","tconstruct:pickaxe","Pickaxe","1","tconstruct:modifiable/durability, tconstruct:modifiable/bonus_slots, tconstruct:modifiable/small, tconstruct:modifiable/loot_capable_tool, tconstruct:modifiable/harvest, tconstruct:modifiable/multipart, tconstruct:modifiable/interactable/right, tconstruct:modifiable/aoe, tconstruct:modifiable/interactable, tconstruct:modifiable/harvest/stone, tconstruct:modifiable/held, tconstruct:modifiable, parry:excluded_shields, tconstruct:modifiable/melee/weapon, minecraft:cluster_max_harvestables, tconstruct:modifiable/melee, tconstruct:modifiable/harvest/primary"
"Tinkers' Construct","tconstruct:plate_boots","Plate Boots","1","tconstruct:modifiable/bonus_slots, tconstruct:modifiable/multipart, tconstruct:modifiable/armor/worn, tconstruct:modifiable/armor/boots, tconstruct:modifiable, tconstruct:modifiable/durability, tconstruct:modifiable/aoe, tconstruct:modifiable/book_armor/puny_smelting, tconstruct:modifiable/armor, tconstruct:modifiable/book_armor"
"Tinkers' Construct","tconstruct:plate_chestplate","Plate Chestplate","1","tconstruct:modifiable/durability, tconstruct:modifiable/melee/unarmed, tconstruct:modifiable/book_armor/puny_smelting, tconstruct:modifiable/multipart, tconstruct:modifiable/book_armor, tconstruct:modifiable/interactable/armor, tconstruct:modifiable, tconstruct:modifiable/melee, tconstruct:modifiable/interactable, tconstruct:modifiable/armor/worn, tconstruct:modifiable/bonus_slots, tconstruct:modifiable/armor/chestplate, tconstruct:modifiable/armor, tconstruct:modifiable/loot_capable_tool"
"Tinkers' Construct","tconstruct:plate_helmet","Plate Helmet","1","tconstruct:modifiable/durability, tconstruct:modifiable/armor, tconstruct:modifiable/armor/helmets, tconstruct:modifiable/armor/worn, tconstruct:modifiable/bonus_slots, tconstruct:modifiable/multipart, tconstruct:modifiable, tconstruct:modifiable/book_armor, tconstruct:modifiable/book_armor/puny_smelting"
"Tinkers' Construct","tconstruct:plate_leggings","Plate Leggings","1","tconstruct:modifiable/durability, tconstruct:modifiable/armor, tconstruct:modifiable/armor/worn, tconstruct:modifiable/bonus_slots, tconstruct:modifiable/multipart, tconstruct:modifiable, tconstruct:modifiable/armor/leggings, tconstruct:modifiable/book_armor, tconstruct:modifiable/book_armor/puny_smelting"
"Tinkers' Construct","tconstruct:plate_shield","Plate Shield","1","tconstruct:modifiable/book_armor/puny_smelting, tconstruct:modifiable/book_armor, parry:excluded_shields, tconstruct:modifiable, tconstruct:modifiable/durability, tconstruct:modifiable/interactable/left, tconstruct:modifiable/armor/held, tconstruct:modifiable/armor, tconstruct:modifiable/multipart, tconstruct:modifiable/bonus_slots, tconstruct:modifiable/interactable, tconstruct:modifiable/held, tconstruct:modifiable/shields"
"Tinkers' Construct","tconstruct:scythe","Scythe","1","tconstruct:modifiable/durability, tconstruct:modifiable/bonus_slots, tconstruct:modifiable/loot_capable_tool, tconstruct:modifiable/broad, tconstruct:modifiable/harvest, tconstruct:modifiable/multipart, tconstruct:modifiable/interactable/right, tconstruct:modifiable/aoe, tconstruct:modifiable/held, tconstruct:modifiable/interactable, forge:tools/scythe, tconstruct:modifiable, tconstruct:modifiable/melee/primary, parry:excluded_shields, tconstruct:modifiable/melee/weapon, tconstruct:modifiable/melee, tconstruct:modifiable/harvest/primary"
"Tinkers' Construct","tconstruct:sky_staff","Skyslime Staff","1","tconstruct:modifiable/durability, tconstruct:modifiable/bonus_slots, tconstruct:modifiable/ranged, tconstruct:modifiable/embellishment/wood, tconstruct:modifiable/armor/held, tconstruct:modifiable/interactable/right, tconstruct:modifiable/aoe, tconstruct:modifiable/held, tconstruct:modifiable/dyeable, tconstruct:modifiable/interactable, tconstruct:modifiable/staffs, tconstruct:modifiable/interactable/left, tconstruct:modifiable, parry:excluded_shields, tconstruct:modifiable/special, tconstruct:modifiable/interactable/dual, tconstruct:modifiable/armor"
"Tinkers' Construct","tconstruct:sledge_hammer","Sledge Hammer","1","tconstruct:modifiable/melee, tconstruct:modifiable/melee/primary, tconstruct:modifiable/melee/weapon, tconstruct:modifiable/aoe, tconstruct:modifiable/harvest, tconstruct:modifiable/loot_capable_tool, minecraft:cluster_max_harvestables, tconstruct:modifiable/multipart, tconstruct:modifiable/harvest/stone, tconstruct:modifiable/interactable, tconstruct:modifiable/bonus_slots, tconstruct:modifiable/harvest/primary, tconstruct:modifiable, tconstruct:modifiable/broad, parry:excluded_shields, tconstruct:modifiable/durability, tconstruct:modifiable/held, tconstruct:modifiable/interactable/right"
"Tinkers' Construct","tconstruct:slime_boots","Slimeboots","1","tconstruct:modifiable, tconstruct:modifiable/armor/golden, tconstruct:modifiable/armor, tconstruct:modifiable/book_armor/tinkers_gadgetry, tconstruct:modifiable/aoe, tconstruct:modifiable/armor/worn, tconstruct:modifiable/embellishment/slime, tconstruct:modifiable/book_armor, tconstruct:modifiable/bonus_slots, tconstruct:modifiable/durability, tconstruct:modifiable/armor/boots"
"Tinkers' Construct","tconstruct:slime_chestplate","Slimelytra","1","tconstruct:modifiable/armor/worn, tconstruct:modifiable/armor/chestplate, tconstruct:modifiable/interactable/armor, tconstruct:modifiable/melee, tconstruct:modifiable/embellishment/slime, tconstruct:modifiable/durability, tconstruct:modifiable/armor, tconstruct:modifiable/interactable, tconstruct:modifiable, tconstruct:modifiable/loot_capable_tool, tconstruct:modifiable/melee/unarmed, tconstruct:modifiable/book_armor/tinkers_gadgetry, tconstruct:modifiable/armor/golden, tconstruct:modifiable/bonus_slots, tconstruct:modifiable/book_armor"
"Tinkers' Construct","tconstruct:slime_helmet","Slimeskull","1","tconstruct:modifiable/multipart, tconstruct:modifiable, tconstruct:modifiable/armor/golden, tconstruct:modifiable/armor, tconstruct:modifiable/book_armor/tinkers_gadgetry, tconstruct:modifiable/armor/worn, tconstruct:modifiable/embellishment/slime, tconstruct:modifiable/armor/helmets, tconstruct:modifiable/book_armor, tconstruct:modifiable/bonus_slots, tconstruct:modifiable/durability"
"Tinkers' Construct","tconstruct:slime_leggings","Slimeshell","1","tconstruct:modifiable/book_armor/tinkers_gadgetry, tconstruct:modifiable/embellishment/slime, tconstruct:modifiable/bonus_slots, tconstruct:modifiable/armor/leggings, tconstruct:modifiable/armor/worn, tconstruct:modifiable/armor/golden, tconstruct:modifiable, tconstruct:modifiable/durability, tconstruct:modifiable/armor, tconstruct:modifiable/book_armor"
"Tinkers' Construct","tconstruct:sword","Sword","1","tconstruct:modifiable/bonus_slots, tconstruct:modifiable/melee, tconstruct:modifiable/interactable/right, tconstruct:modifiable, tconstruct:modifiable/melee/weapon, tconstruct:modifiable/multipart, tconstruct:modifiable/held, tconstruct:modifiable/harvest, tconstruct:modifiable/melee/primary, tconstruct:modifiable/small, tconstruct:modifiable/interactable, tconstruct:modifiable/loot_capable_tool, tconstruct:modifiable/melee/sword, tconstruct:modifiable/durability, parry:excluded_shields, tconstruct:modifiable/aoe"
"Tinkers' Construct","tconstruct:travelers_boots","Traveler's Boots","1","tconstruct:modifiable/armor, tconstruct:modifiable/armor/boots, tconstruct:modifiable, tconstruct:modifiable/aoe, tconstruct:modifiable/dyeable, tconstruct:modifiable/durability, tconstruct:modifiable/book_armor, tconstruct:modifiable/book_armor/puny_smelting, tconstruct:modifiable/bonus_slots, tconstruct:modifiable/armor/worn, tconstruct:modifiable/armor/golden, minecraft:freeze_immune_wearables"
"Tinkers' Construct","tconstruct:travelers_chestplate","Traveler's Vest","1","tconstruct:modifiable/bonus_slots, tconstruct:modifiable/melee, tconstruct:modifiable/armor/golden, tconstruct:modifiable, tconstruct:modifiable/book_armor/puny_smelting, tconstruct:modifiable/dyeable, tconstruct:modifiable/melee/unarmed, minecraft:freeze_immune_wearables, tconstruct:modifiable/interactable, tconstruct:modifiable/loot_capable_tool, tconstruct:modifiable/armor, tconstruct:modifiable/durability, tconstruct:modifiable/book_armor, tconstruct:modifiable/armor/chestplate, tconstruct:modifiable/armor/worn, tconstruct:modifiable/interactable/armor"
"Tinkers' Construct","tconstruct:travelers_helmet","Traveler's Goggles","1","tconstruct:modifiable, tconstruct:modifiable/book_armor/puny_smelting, tconstruct:modifiable/dyeable, tconstruct:modifiable/armor/golden, minecraft:freeze_immune_wearables, tconstruct:modifiable/armor, tconstruct:modifiable/armor/worn, tconstruct:modifiable/armor/helmets, tconstruct:modifiable/book_armor, tconstruct:modifiable/bonus_slots, tconstruct:modifiable/durability"
"Tinkers' Construct","tconstruct:travelers_leggings","Traveler's Pants","1","tconstruct:modifiable, tconstruct:modifiable/book_armor/puny_smelting, tconstruct:modifiable/dyeable, tconstruct:modifiable/armor/golden, minecraft:freeze_immune_wearables, tconstruct:modifiable/armor, tconstruct:modifiable/armor/worn, tconstruct:modifiable/armor/leggings, tconstruct:modifiable/book_armor, tconstruct:modifiable/bonus_slots, tconstruct:modifiable/durability"
"Tinkers' Construct","tconstruct:travelers_shield","Traveler's Shield","1","tconstruct:modifiable/shields, tconstruct:modifiable/durability, tconstruct:modifiable/book_armor/puny_smelting, tconstruct:modifiable/armor/held, parry:excluded_shields, tconstruct:modifiable/embellishment/wood, tconstruct:modifiable/held, tconstruct:modifiable/book_armor, tconstruct:modifiable, tconstruct:modifiable/interactable, tconstruct:modifiable/bonus_slots, tconstruct:modifiable/interactable/left, tconstruct:modifiable/armor, tconstruct:modifiable/dyeable"
"Tinkers' Construct","tconstruct:vein_hammer","Vein Hammer","1","tconstruct:modifiable/durability, tconstruct:modifiable/bonus_slots, tconstruct:modifiable/loot_capable_tool, tconstruct:modifiable/broad, tconstruct:modifiable/harvest, tconstruct:modifiable/multipart, tconstruct:modifiable/interactable/right, tconstruct:modifiable/aoe, tconstruct:modifiable/interactable, tconstruct:modifiable/harvest/stone, tconstruct:modifiable/held, tconstruct:modifiable, parry:excluded_shields, tconstruct:modifiable/melee/weapon, minecraft:cluster_max_harvestables, tconstruct:modifiable/melee, tconstruct:modifiable/harvest/primary"
"Tool's Complement","tools_complement:bronze_axe","Bronze Axe","325","forge:tools/bronze"
"Tool's Complement","tools_complement:bronze_boots","Bronze Boots","208","forge:armor/bronze"
"Tool's Complement","tools_complement:bronze_chestplate","Bronze Chestplate","256","forge:armor/bronze"
"Tool's Complement","tools_complement:bronze_excavator","Bronze Excavator","1300","forge:tools/bronze"
"Tool's Complement","tools_complement:bronze_hammer","Bronze Hammer","1300","forge:tools/bronze"
"Tool's Complement","tools_complement:bronze_helmet","Bronze Helmet","176","forge:armor/bronze"
"Tool's Complement","tools_complement:bronze_hoe","Bronze Hoe","325","forge:tools/bronze"
"Tool's Complement","tools_complement:bronze_knife","Bronze Knife","325","forge:tools/bronze"
"Tool's Complement","tools_complement:bronze_leggings","Bronze Leggings","240","forge:armor/bronze"
"Tool's Complement","tools_complement:bronze_pickaxe","Bronze Pickaxe","325","forge:tools/bronze"
"Tool's Complement","tools_complement:bronze_shovel","Bronze Shovel","325","forge:tools/bronze"
"Tool's Complement","tools_complement:bronze_sickle","Bronze Sickle","1300","forge:tools/bronze"
"Tool's Complement","tools_complement:bronze_sword","Bronze Sword","325","forge:tools/bronze"
"Tool's Complement","tools_complement:constantan_axe","Constantan Axe","250","forge:tools/constantan"
"Tool's Complement","tools_complement:constantan_boots","Constantan Boots","104","forge:armor/constantan"
"Tool's Complement","tools_complement:constantan_chestplate","Constantan Chestplate","128","forge:armor/constantan"
"Tool's Complement","tools_complement:constantan_excavator","Constantan Excavator","1000","forge:tools/constantan"
"Tool's Complement","tools_complement:constantan_hammer","Constantan Hammer","1000","forge:tools/constantan"
"Tool's Complement","tools_complement:constantan_helmet","Constantan Helmet","88","forge:armor/constantan"
"Tool's Complement","tools_complement:constantan_hoe","Constantan Hoe","250","forge:tools/constantan"
"Tool's Complement","tools_complement:constantan_knife","Constantan Knife","250","forge:tools/constantan"
"Tool's Complement","tools_complement:constantan_leggings","Constantan Leggings","120","forge:armor/constantan"
"Tool's Complement","tools_complement:constantan_pickaxe","Constantan Pickaxe","250","forge:tools/constantan"
"Tool's Complement","tools_complement:constantan_shovel","Constantan Shovel","250","forge:tools/constantan"
"Tool's Complement","tools_complement:constantan_sickle","Constantan Sickle","1000","forge:tools/constantan"
"Tool's Complement","tools_complement:constantan_sword","Constantan Sword","250","forge:tools/constantan"
"Tool's Complement","tools_complement:copper_axe","Copper Axe","160","forge:tools/copper"
"Tool's Complement","tools_complement:copper_boots","Copper Boots","91","forge:armor/copper"
"Tool's Complement","tools_complement:copper_chestplate","Copper Chestplate","112","forge:armor/copper"
"Tool's Complement","tools_complement:copper_excavator","Copper Excavator","640","forge:tools/copper"
"Tool's Complement","tools_complement:copper_hammer","Copper Hammer","640","forge:tools/copper"
"Tool's Complement","tools_complement:copper_helmet","Copper Helmet","77","forge:armor/copper"
"Tool's Complement","tools_complement:copper_hoe","Copper Hoe","160","forge:tools/copper"
"Tool's Complement","tools_complement:copper_knife","Copper Knife","160","forge:tools/copper"
"Tool's Complement","tools_complement:copper_leggings","Copper Leggings","105","forge:armor/copper"
"Tool's Complement","tools_complement:copper_pickaxe","[REMOVED] Copper Pickaxe","160","forge:tools/copper"
"Tool's Complement","tools_complement:copper_shovel","Copper Shovel","160","forge:tools/copper"
"Tool's Complement","tools_complement:copper_sickle","Copper Sickle","640","forge:tools/copper"
"Tool's Complement","tools_complement:copper_sword","Copper Sword","160","forge:tools/copper"
"Tool's Complement","tools_complement:diamond_excavator","Diamond Excavator","6244","forge:tools/diamond"
"Tool's Complement","tools_complement:diamond_hammer","Diamond Hammer","6244","forge:tools/diamond"
"Tool's Complement","tools_complement:diamond_knife","Diamond Knife","1561","forge:tools/diamond"
"Tool's Complement","tools_complement:diamond_sickle","Diamond Sickle","6244","forge:tools/diamond"
"Tool's Complement","tools_complement:electrum_axe","Electrum Axe","96","forge:tools/electrum"
"Tool's Complement","tools_complement:electrum_boots","Electrum Boots","91","forge:armor/electrum"
"Tool's Complement","tools_complement:electrum_chestplate","Electrum Chestplate","112","forge:armor/electrum"
"Tool's Complement","tools_complement:electrum_excavator","Electrum Excavator","384","forge:tools/electrum"
"Tool's Complement","tools_complement:electrum_hammer","Electrum Hammer","384","forge:tools/electrum"
"Tool's Complement","tools_complement:electrum_helmet","Electrum Helmet","77","forge:armor/electrum"
"Tool's Complement","tools_complement:electrum_hoe","Electrum Hoe","96","forge:tools/electrum"
"Tool's Complement","tools_complement:electrum_knife","Electrum Knife","96","forge:tools/electrum"
"Tool's Complement","tools_complement:electrum_leggings","Electrum Leggings","105","forge:armor/electrum"
"Tool's Complement","tools_complement:electrum_pickaxe","Electrum Pickaxe","96","forge:tools/electrum"
"Tool's Complement","tools_complement:electrum_shovel","Electrum Shovel","96","forge:tools/electrum"
"Tool's Complement","tools_complement:electrum_sickle","Electrum Sickle","384","forge:tools/electrum"
"Tool's Complement","tools_complement:electrum_sword","Electrum Sword","96","forge:tools/electrum"
"Tool's Complement","tools_complement:gold_excavator","Gold Excavator","128","forge:tools/gold"
"Tool's Complement","tools_complement:gold_hammer","Gold Hammer","128","forge:tools/gold"
"Tool's Complement","tools_complement:gold_knife","Gold Knife","32","forge:tools/gold"
"Tool's Complement","tools_complement:gold_sickle","Gold Sickle","128","forge:tools/gold"
"Tool's Complement","tools_complement:invar_axe","Invar Axe","300","forge:tools/invar"
"Tool's Complement","tools_complement:invar_boots","Invar Boots","195","forge:armor/invar"
"Tool's Complement","tools_complement:invar_chestplate","Invar Chestplate","240","forge:armor/invar"
"Tool's Complement","tools_complement:invar_excavator","Invar Excavator","1200","forge:tools/invar"
"Tool's Complement","tools_complement:invar_hammer","Invar Hammer","1200","forge:tools/invar"
"Tool's Complement","tools_complement:invar_helmet","Invar Helmet","165","forge:armor/invar"
"Tool's Complement","tools_complement:invar_hoe","Invar Hoe","300","forge:tools/invar"
"Tool's Complement","tools_complement:invar_knife","Invar Knife","300","forge:tools/invar"
"Tool's Complement","tools_complement:invar_leggings","Invar Leggings","225","forge:armor/invar"
"Tool's Complement","tools_complement:invar_pickaxe","Invar Pickaxe","300","forge:tools/invar"
"Tool's Complement","tools_complement:invar_shovel","Invar Shovel","300","forge:tools/invar"
"Tool's Complement","tools_complement:invar_sickle","Invar Sickle","1200","forge:tools/invar"
"Tool's Complement","tools_complement:invar_sword","Invar Sword","300","forge:tools/invar"
"Tool's Complement","tools_complement:iron_excavator","Iron Excavator","1000","forge:tools/iron"
"Tool's Complement","tools_complement:iron_hammer","Iron Hammer","1000","forge:tools/iron"
"Tool's Complement","tools_complement:iron_knife","Iron Knife","250","forge:tools/iron"
"Tool's Complement","tools_complement:iron_sickle","Iron Sickle","1000","forge:tools/iron"
"Tool's Complement","tools_complement:lead_axe","Lead Axe","32","forge:tools/lead"
"Tool's Complement","tools_complement:lead_boots","Lead Boots","156","forge:armor/lead"
"Tool's Complement","tools_complement:lead_chestplate","Lead Chestplate","192","forge:armor/lead"
"Tool's Complement","tools_complement:lead_excavator","Lead Excavator","128","forge:tools/lead"
"Tool's Complement","tools_complement:lead_hammer","Lead Hammer","128","forge:tools/lead"
"Tool's Complement","tools_complement:lead_helmet","Lead Helmet","132","forge:armor/lead"
"Tool's Complement","tools_complement:lead_hoe","Lead Hoe","32","forge:tools/lead"
"Tool's Complement","tools_complement:lead_knife","Lead Knife","32","forge:tools/lead"
"Tool's Complement","tools_complement:lead_leggings","Lead Leggings","180","forge:armor/lead"
"Tool's Complement","tools_complement:lead_pickaxe","[REMOVED] Lead Pickaxe","32","forge:tools/lead"
"Tool's Complement","tools_complement:lead_shovel","Lead Shovel","32","forge:tools/lead"
"Tool's Complement","tools_complement:lead_sickle","Lead Sickle","128","forge:tools/lead"
"Tool's Complement","tools_complement:lead_sword","Lead Sword","32","forge:tools/lead"
"Tool's Complement","tools_complement:netherite_excavator","Netherite Excavator","8124","forge:tools/netherite"
"Tool's Complement","tools_complement:netherite_hammer","Netherite Hammer","8124","forge:tools/netherite"
"Tool's Complement","tools_complement:netherite_knife","Netherite Knife","2031","forge:tools/netherite"
"Tool's Complement","tools_complement:netherite_sickle","Netherite Sickle","8124","forge:tools/netherite"
"Tool's Complement","tools_complement:nickel_axe","Nickel Axe","225","forge:tools/nickel"
"Tool's Complement","tools_complement:nickel_boots","Nickel Boots","182","forge:armor/nickel"
"Tool's Complement","tools_complement:nickel_chestplate","Nickel Chestplate","224","forge:armor/nickel"
"Tool's Complement","tools_complement:nickel_excavator","Nickel Excavator","900","forge:tools/nickel"
"Tool's Complement","tools_complement:nickel_hammer","Nickel Hammer","900","forge:tools/nickel"
"Tool's Complement","tools_complement:nickel_helmet","Nickel Helmet","154","forge:armor/nickel"
"Tool's Complement","tools_complement:nickel_hoe","Nickel Hoe","225","forge:tools/nickel"
"Tool's Complement","tools_complement:nickel_knife","Nickel Knife","225","forge:tools/nickel"
"Tool's Complement","tools_complement:nickel_leggings","Nickel Leggings","210","forge:armor/nickel"
"Tool's Complement","tools_complement:nickel_pickaxe","Nickel Pickaxe","225","forge:tools/nickel"
"Tool's Complement","tools_complement:nickel_shovel","Nickel Shovel","225","forge:tools/nickel"
"Tool's Complement","tools_complement:nickel_sickle","Nickel Sickle","900","forge:tools/nickel"
"Tool's Complement","tools_complement:nickel_sword","Nickel Sword","225","forge:tools/nickel"
"Tool's Complement","tools_complement:silver_axe","Silver Axe","24","forge:tools/silver"
"Tool's Complement","tools_complement:silver_boots","Silver Boots","78","forge:armor/silver"
"Tool's Complement","tools_complement:silver_chestplate","Silver Chestplate","96","forge:armor/silver"
"Tool's Complement","tools_complement:silver_excavator","Silver Excavator","96","forge:tools/silver"
"Tool's Complement","tools_complement:silver_hammer","Silver Hammer","96","forge:tools/silver"
"Tool's Complement","tools_complement:silver_helmet","Silver Helmet","66","forge:armor/silver"
"Tool's Complement","tools_complement:silver_hoe","Silver Hoe","24","forge:tools/silver"
"Tool's Complement","tools_complement:silver_knife","Silver Knife","24","forge:tools/silver"
"Tool's Complement","tools_complement:silver_leggings","Silver Leggings","90","forge:armor/silver"
"Tool's Complement","tools_complement:silver_pickaxe","Silver Pickaxe","24","forge:tools/silver"
"Tool's Complement","tools_complement:silver_shovel","Silver Shovel","24","forge:tools/silver"
"Tool's Complement","tools_complement:silver_sickle","Silver Sickle","96","forge:tools/silver"
"Tool's Complement","tools_complement:silver_sword","Silver Sword","24","forge:tools/silver"
"Tool's Complement","tools_complement:tin_axe","Tin Axe","16","forge:tools/tin"
"Tool's Complement","tools_complement:tin_boots","Tin Boots","104","forge:armor/tin"
"Tool's Complement","tools_complement:tin_chestplate","Tin Chestplate","128","forge:armor/tin"
"Tool's Complement","tools_complement:tin_excavator","Tin Excavator","64","forge:tools/tin"
"Tool's Complement","tools_complement:tin_hammer","Tin Hammer","64","forge:tools/tin"
"Tool's Complement","tools_complement:tin_helmet","Tin Helmet","88","forge:armor/tin"
"Tool's Complement","tools_complement:tin_hoe","Tin Hoe","16","forge:tools/tin"
"Tool's Complement","tools_complement:tin_knife","Tin Knife","16","forge:tools/tin"
"Tool's Complement","tools_complement:tin_leggings","Tin Leggings","120","forge:armor/tin"
"Tool's Complement","tools_complement:tin_pickaxe","[REMOVED] Tin Pickaxe","16","forge:tools/tin"
"Tool's Complement","tools_complement:tin_shovel","Tin Shovel","16","forge:tools/tin"
"Tool's Complement","tools_complement:tin_sickle","Tin Sickle","64","forge:tools/tin"
"Tool's Complement","tools_complement:tin_sword","Tin Sword","16","forge:tools/tin"
"Unusual End","unusualend:blob_shield","End Blob Shield","224",""
"Unusual End","unusualend:bolok_scale_boots","Bolok Scale Boots","260",""
"Unusual End","unusualend:chorus_helmet","Chorus Helmet","99",""
"Unusual End","unusualend:enderling_scrap_leggings","Enderling Scrap Leggings","420","minecraft:dampens_vibrations"
"Unusual End","unusualend:floating_pouch","Floating Pouch","64","minecraft:dampens_vibrations"
"Unusual End","unusualend:moult_dagger","Moult Dagger","336",""
"Unusual End","unusualend:shiny_dagger","Shiny Dagger","336",""
"Waystones","waystones:warp_stone","Warp Stone","100","waystones:warp_stones"
